"Jahr";"Aktie";"Momentum"
"2010";"X3M";0,44108998397342
"2010";"AES";0,538617937914619
"2010";"AFLAC";0,204121589946745
"2010";"AK.STEEL.HLDG..DEAD";1,11765370910113
"2010";"AT.T";0,104851450149932
"2010";"ABBOTT.LABORATORIES";0,114436990471425
"2010";"ABERCROMBIE...FITCH..A.";0,966111192622563
"2010";"ADOBE..NAS.";0,650991328153828
"2010";"ADVANCED.MICRO.DEVICES";2,06929211297079
"2010";"AETNA.DEAD";0,107027297234986
"2010";"AFFILIATED.CMP.SVS..A..DEAD";0,244175806852673
"2010";"AGILENT.TECHS.";0,547248083548649
"2010";"AIR.PRDS...CHEMS.";0,529195735747092
"2010";"AIRGAS.DEAD";0,196121483980779
"2010";"AKAMAI.TECHS.";0,712688797787731
"2010";"HOWMET.AEROSPACE";0,470809267441809
"2010";"ALLEGHENY.EN..DEAD";-0,293990012764143
"2010";"ATI";0,369442524380453
"2010";"ALLERGAN.DEAD...20";0,486251319488744
"2010";"ALLSTATE.ORD.SHS";-0,00444360735319427
"2010";"ALTERA.DEAD";0,444745031697116
"2010";"ALTRIA.GROUP";0,249963805052959
"2010";"AMAZON.COM";1,76394628617212
"2010";"AMEREN";-0,122096286877217
"2010";"AMER.ELEC.PWR.";0,114536310001194
"2010";"AMERICAN.EXPRESS";1,21743628648747
"2010";"AMERICAN.INTL.GP.";-0,0129502427650998
"2010";"AMERICAN.TOWER";0,45833069970535
"2010";"AMERIPRISE.FINL.";0,846172600292598
"2010";"CENCORA";0,388903132944607
"2010";"AMGEN";-0,0032974296512569
"2010";"AMPHENOL..A.";0,942136210177616
"2010";"ANADARKO.PETROLEUM.DEAD";0,549768560061682
"2010";"ANALOG.DEVICES";0,623562880432732
"2010";"AON.CLASS.A";-0,0863196578987007
"2010";"APA";0,27064077178025
"2010";"APARTMENT.INV...MAN..A.";0,417400976203433
"2010";"APOLLO.EDUCATION.GP..A..DEAD";-0,308721577515217
"2010";"APPLE";1,23639845415724
"2010";"APPLIED.MATS.";0,302732719496505
"2010";"ARCHER.DANIELS.MIDLAND";0,156743002240326
"2010";"ASSURANT";0,0422474942231481
"2010";"AUTONATION";0,974370936455049
"2010";"AUTOZONE";0,16553340285956
"2010";"AUTODESK";0,295639033525999
"2010";"AUTOMATIC.DATA.PROC.";0,155851562577277
"2010";"AVALONBAY.COMMNS.";0,461462967154134
"2010";"AVERY.DENNISON";0,298675127645598
"2010";"AVON.PRODUCTS.DEAD";0,672251429591477
"2010";"TRUIST.FINANCIAL";0,219452541034008
"2010";"BJ.SVS..DEAD";0,614604286184994
"2010";"BMC.SOFTWARE.DEAD";0,423020329870915
"2010";"BAKER.HUGHES.A";0,212981351995851
"2010";"BALL";0,227891393293552
"2010";"BANK.OF.AMERICA";0,475564045851382
"2010";"C.R.BARD.DEAD";-0,00540408710154183
"2010";"BAXTER.INTL.";0,0738370707896119
"2010";"BECTON.DICKINSON";0,0780773011872153
"2010";"BED.BATH...BEYOND.DEAD";0,54992968295746
"2010";"BEMIS.DEAD";0,37997354175764
"2010";"BEST.BUY";0,614439046427021
"2010";"BIG.LOTS..OTC.";0,707127731835143
"2010";"BIOGEN";-0,0378637232686269
"2010";"BLACK...DECKER.DEAD";0,570549566186317
"2010";"H.R.BLOCK";0,0225239097134287
"2010";"BOEING";0,314902717337451
"2010";"BXP";0,433004168460716
"2010";"BOSTON.SCIENTIFIC";0,156468589600669
"2010";"BRISTOL.MYERS.SQUIBB";0,174292541693226
"2010";"BROADCOM..A..DEAD";0,823834123495955
"2010";"BROWN.FORMAN..B.";0,0648100944047147
"2010";"BURL.NTHN.SANTA.FE.C.DEAD";0,499970087876703
"2010";"CA.DEAD";0,213956582524411
"2010";"CBRE.GROUP.CLASS.A";1,71684180745172
"2010";"PARAMOUNT.SKYDANCE.B";0,761096604558391
"2010";"CF.INDUSTRIES.HDG.";0,903070186969599
"2010";"CH.ROBINSON.WWD.";0,209749007357587
"2010";"CIGNA";1,16965397128183
"2010";"CMS.ENERGY";0,440742146162335
"2010";"CNX.RESOURCES";0,549848648508442
"2010";"CSX";0,58502852880291
"2010";"CVS.HEALTH";0,176732304637452
"2010";"COTERRA.ENERGY";0,490694586710458
"2010";"CAMERON.INTERNATIONAL.DEAD";0,676550427763415
"2010";"THE.CAMPBELL.S.COMPANY";0,250858804877557
"2010";"CAPITAL.ONE.FINL.";0,414386513507884
"2010";"CARDINAL.HEALTH";0,228855375471695
"2010";"CARNIVAL";0,442180646354417
"2010";"CATERPILLAR";0,486659762885982
"2010";"CELGENE.DEAD";0,137845645252134
"2010";"CENTERPOINT.EN.";0,144721427370613
"2010";"LUMEN.TECHNOLOGIES";0,47643642096396
"2010";"CEPHALON.DEAD";-0,25243986839422
"2010";"CHESAPEAKE.ENERGY.DEAD";0,456870584161427
"2010";"CHEVRON";0,138226524985588
"2010";"CME.GROUP";0,799073943271632
"2010";"CHUBB.DEAD";0,126099227107689
"2010";"CINCINNATI.FINL.";-0,0162201113452407
"2010";"CINTAS";0,270701474840337
"2010";"CISCO.SYSTEMS";0,450257365876426
"2010";"CITIGROUP";-0,303018465647549
"2010";"CITRIX.SYS..DEAD";0,743532021242771
"2010";"CLEVELAND.CLIFFS";0,81781703108824
"2010";"CLOROX";0,206798747033355
"2010";"TAPESTRY";1,09499926610118
"2010";"COCA.COLA";0,362021683620545
"2010";"COCA.COLA.EUROPACIFIC.PARTNERS";0,709249365657403
"2010";"COGNIZANT.TECH.SLTN..A.";1,15748060598404
"2010";"COLGATE.PALM.";0,373787413280624
"2010";"COMCAST.A";-0,0122689227976024
"2010";"COMERICA.DEAD";0,712600344080809
"2010";"DXC.TECHNOLOGY";0,49499044632992
"2010";"COMPUWARE.DEAD";0,054877589661922
"2010";"CONAGRA.BRANDS";0,394363782711215
"2010";"CONOCOPHILLIPS";0,0564857302450759
"2010";"CONSOLIDATED.EDISON";0,178438889170785
"2010";"CONSTELLATION.BRANDS..A.";0,11305546060805
"2010";"CONSTELLATION.EN..DEAD";0,263986786598661
"2010";"CORNING";0,876573594031677
"2010";"COSTCO.WHOLESALE";0,261306804299263
"2010";"COVENTRY.HEALTH.CARE.DEAD";0,748173437721551
"2010";"CUMMINS";0,678436038875918
"2010";"DIRECTV.DEAD";0,487741874547278
"2010";"DTE.ENERGY";0,269830508759175
"2010";"DANAHER";0,357778167097269
"2010";"DARDEN.RESTAURANTS";0,285807550220639
"2010";"DAVITA";0,291397919587452
"2010";"COVISTA";0,00923073266339558
"2010";"DEAN.FOODS.DEAD";-0,120236783134486
"2010";"DEERE";0,352106027445931
"2010";"DELL.DEAD";0,268871912315766
"2010";"DENBURY.RESOURCES..OTC..DEAD";0,161293782112219
"2010";"DENTSPLY.SIRONA";0,223552088426291
"2010";"DEVON.ENERGY";0,0595207770221822
"2010";"DIAMOND.OFFS.DRL..DEAD";0,875839157232324
"2010";"DISCOVER.FINANCIAL.SVS..DEAD";0,785138496584525
"2010";"DOMINION.ENERGY";0,161907735266186
"2010";"R.R.DONNELLEY...SONS.DEAD";0,851392143391756
"2010";"DOVER";0,325808945235816
"2010";"DOW.CHEMICAL.DEAD";0,893309521067999
"2010";"E.I.DU.PONT.DE.NEMOURS.DEAD";0,48552714264677
"2010";"DUKE.ENERGY";0,210739481823665
"2010";"DUN...BRADSTREET.DEL..DEAD";0,0877223316295959
"2010";"E.TRADE.FINANCIAL.DEAD";0,389245855603189
"2010";"EMC.DEAD";0,483731449525044
"2010";"EOG.RES.";0,309611897147327
"2010";"EQT";0,285124068045628
"2010";"EASTMAN.CHEMICAL";1,04858074640747
"2010";"EASTMAN.KODAK.DEAD";-0,438571805999728
"2010";"EATON";0,368286379617579
"2010";"ECOLAB";0,369792943780381
"2010";"EDISON.INTL.";0,163502774318492
"2010";"EL.PASO.DEAD";0,23208499066211
"2010";"ELECTRONIC.ARTS";-0,0214556549014547
"2010";"EMERSON.ELECTRIC";0,268609159155056
"2010";"ENTERGY";0,0934383131958649
"2010";"EQUIFAX";0,123187702941415
"2010";"EQUITY.RESD.TST.PROPS..SHBI";0,350230934255996
"2010";"ESTEE.LAUDER.COS..A.";0,742349708428025
"2010";"EXELON";-0,0219802179871484
"2010";"EXPEDIA.GROUP";1,86434719252982
"2010";"EXPEDITORS.INTL.OF.WASH..A";0,0862902295772674
"2010";"EXPRESS.SCRIPTS.HOLDING.DEAD";0,65580833412696
"2010";"EXXON.MOBIL";-0,00480162558471164
"2010";"FLIR.SYSTEMS.DEAD";0,00108755192433341
"2010";"FMC";0,318732885391527
"2010";"FMC.TECHNOLOGIES.DEAD";1,22257684753303
"2010";"NEXTERA.ENERGY";0,121962809008743
"2010";"FAMILY.DOLLAR.STORES.DEAD";0,114748566830187
"2010";"FASTENAL";0,188331812590364
"2010";"FEDEX";0,449572325035137
"2010";"FEDERATED.HERMES.B";0,39892127993583
"2010";"FIDELITY.NAT.INFO.SVS.";0,39452125585502
"2010";"FIFTH.THIRD.BANCORP";0,558737012149044
"2010";"FIRST.HORIZON";0,619675674192166
"2010";"FIRST.SOLAR";-0,137485291726795
"2010";"FIRSTENERGY";-0,0358998257312333
"2010";"FISERV";0,328483947639516
"2010";"FLOWSERVE";0,943211736511738
"2010";"FLUOR";-0,0601278009149653
"2010";"FORD.MOTOR";2,63043877884706
"2010";"FOREST.LABS..DEAD";0,276539805087598
"2010";"BEAM.DEAD";0,0351664593461811
"2010";"FRANKLIN.RESOURCES";0,815571860691809
"2010";"FREEPORT.MCMORAN";2,30419813660872
"2010";"FRONTIER.COMMUNICATIONS.DEAD";0,139374442731883
"2010";"GAMESTOP..A.";-0,112131816644435
"2010";"TEGNA.DEAD";0,262058540310378
"2010";"GAP";0,829576055631431
"2010";"GENERAL.DYNAMICS";0,252696625687917
"2010";"GE.AEROSPACE";0,124492424717731
"2010";"GENERAL.MILLS";0,180522329307609
"2010";"GENUINE.PARTS";0,0527882479038508
"2010";"GENWORTH.FINANCIAL";3,43679164733769
"2010";"GENZYME.DEAD";-0,201898699453946
"2010";"GILEAD.SCIENCES";-0,0387689875826334
"2010";"GOLDMAN.SACHS.GP.";1,16337881318718
"2010";"GOODRICH.DEAD";0,595802031385297
"2010";"GOODYEAR.TIRE...RUB.";1,26321400216738
"2010";"ALPHABET..A.";0,870152591321867
"2010";"WW.GRAINGER";0,321076544876295
"2010";"HEALTHPEAK.PROPERTIES";0,518237408922834
"2010";"HALLIBURTON";0,607455986571926
"2010";"HARLEY.DAVIDSON";1,15991743983915
"2010";"HARMAN.INTL.INDS..DEAD";0,859116321523244
"2010";"L3HARRIS.TECHNOLOGIES";0,254591487715939
"2010";"HARTFORD.INSURANCE.GROUP";0,6634449820294
"2010";"HASBRO";0,164499939430314
"2010";"WELLTOWER";0,310810621311775
"2010";"HJ.HEINZ.DEAD";0,234428142145517
"2010";"HERSHEY";0,0686042906621842
"2010";"HESS.DEAD";0,105583385502473
"2010";"HP";0,375704722276749
"2010";"HOME.DEPOT";0,306107433300638
"2010";"HONEYWELL.INTL.";0,233758190434786
"2010";"HORMEL.FOODS";0,250964130579821
"2010";"D.R.HORTON";0,415329112776083
"2010";"HOSPIRA.DEAD";0,905208413103765
"2010";"HOST.HOTELS...RESORTS.REIT";0,700672754950715
"2010";"HUDSON.CITY.BANC..DEAD";-0,0156363653871082
"2010";"HUMANA";0,239198873129998
"2010";"HUNTINGTON.BCSH.";-0,336719153177158
"2010";"IMS.HEALTH.DEAD";0,372580240919784
"2010";"ITT";0,126618097261272
"2010";"ILLINOIS.TOOL.WORKS";0,421543891208422
"2010";"INTEGRYS.ENERGY.GROUP.DEAD";0,0225903876252425
"2010";"INTEL";0,491197532031271
"2010";"INTERCONTINENTAL.EX.";0,722680171911589
"2010";"INTERPUBLIC.GROUP.DEAD";0,750345954933638
"2010";"INTERNATIONAL.BUS.MCHS.";0,520100890857227
"2010";"INTL.FLAVORS...FRAG.";0,460148032151643
"2010";"INTERNATIONAL.GAME.TECH..DEAD";0,490460383606115
"2010";"INTERNATIONAL.PAPER";1,40569877101706
"2010";"INTUIT";0,234007157386393
"2010";"INTUITIVE.SURGICAL";1,80133995424905
"2010";"INVESCO";0,726610069015943
"2010";"IRON.MOUNTAIN";0,0225046665145505
"2010";"VIAVI.SOLUTIONS";0,741163901961091
"2010";"JP.MORGAN.CHASE...CO.";0,597505435689127
"2010";"JABIL";1,06708678504742
"2010";"JACOBS.SOLUTIONS";-0,266680491296024
"2010";"JANUS.CAPITAL.GP..DEAD";0,640294608614164
"2010";"JOHNSON...JOHNSON";0,122319441653951
"2010";"JOHNSON.CONTROLS.DEAD";0,580979386942641
"2010";"JUNIPER.NETWORKS.DEAD";0,586287632813107
"2010";"KLA";0,575142191181206
"2010";"KELLANOVA.DEAD";0,245603091785996
"2010";"KEYCORP";-0,163043979673264
"2010";"KIMBERLY.CLARK";0,335345835437542
"2010";"KIMCO.REALTY";-0,179685910608509
"2010";"KING.PHARMS..DEAD";0,25855012892773
"2010";"KOHL.S";0,473405913247986
"2010";"MONDELEZ.INTERNATIONAL.CL.A";-0,0432655063716098
"2010";"KROGER";-0,0658103486025559
"2010";"L3.TECHNOLOGIES.DEAD";0,0487036004525874
"2010";"LSI.DEAD";0,720915043449651
"2010";"LABCORP.HOLDINGS";0,196564792625698
"2010";"LEGG.MASON.DEAD";0,31212969071207
"2010";"LEGGETT.PLATT";0,483069817896143
"2010";"LENNAR.A.A";0,501644619495704
"2010";"JEFFERIES.FINANCIAL.GROUP";0,150659624614699
"2010";"LEXMARK.INTL..DEAD";0,0205549756478531
"2010";"LIFE.TECHNOLOGIES.DEAD";1,09171620635308
"2010";"ELI.LILLY";0,0288888515949992
"2010";"BATH.AND.BODY.WORKS";1,12892487077834
"2010";"LINCOLN.NATIONAL";0,163082631452061
"2010";"LINEAR.TECHNOLOGY.DEAD";0,269606866708983
"2010";"LOCKHEED.MARTIN";0,00450604949379407
"2010";"LOEWS";0,363920810464872
"2010";"LORILLARD.DEAD";0,443090073462641
"2010";"LOWE.S.COMPANIES";0,134543433288625
"2010";"M.T.BANK";0,469789400872423
"2010";"SUNEDISON.DEAD";-0,149268822677056
"2010";"MACY.S";0,644213166400517
"2010";"MARATHON.OIL.DEAD";0,167464396069127
"2010";"MARRIOTT.INTL..A.";0,421265383410631
"2010";"MARSH";0,00899326898508801
"2010";"MARSHALL...ILSLEY.DEAD";-0,494810519638266
"2010";"MASCO";0,325338665237753
"2010";"MASSEY.EN..DEAD";1,6597331765349
"2010";"MASTERCARD";0,615751508842078
"2010";"MATTEL";0,345472123835026
"2010";"MCAFEE.DEAD";0,286190025928933
"2010";"MCCORMICK...COMPANY.NV.";0,206523733932656
"2010";"MCDONALDS";0,0913142371747151
"2010";"S.P.GLOBAL";0,37413720433021
"2010";"MCKESSON";0,487990364595511
"2010";"MEADWESTVACO.DEAD";1,56078201848554
"2010";"MEDCO.HEALTH.SLTN..DEAD";0,550381060970599
"2010";"MEDTRONIC";0,368751604363733
"2010";"MERCK...COMPANY";0,351386515458264
"2010";"MEREDITH.DEAD";0,618900681276913
"2010";"METLIFE";0,221604051644518
"2010";"T.MOBILE.US";-0,588658367599946
"2010";"MICROCHIP.TECH.";0,643443482131753
"2010";"MICRON.TECHNOLOGY";1,59164198484067
"2010";"MICROSOFT";0,538989007135674
"2010";"MILLIPORE.DEAD";0,327356954963499
"2010";"MOLEX.DEAD";0,436487864400156
"2010";"MOLSON.COORS.BEVERAGE.COMPANY.B";0,0700767804716715
"2010";"MONSANTO.DEAD";0,0785313373185195
"2010";"MONSTER.WORLDWIDE.DEAD";0,437060040935576
"2010";"MOODY.S";0,0395952853993784
"2010";"MORGAN.STANLEY";0,652485855119072
"2010";"MOTOROLA.SOLUTIONS";0,906887440923273
"2010";"MURPHY.OIL";0,235217232821136
"2010";"VIATRIS";0,67503397054617
"2010";"NICOR.DEAD";0,243105376352738
"2010";"NIKE..B.";0,34103993761487
"2010";"NRG.ENERGY";0,0467747742771858
"2010";"NYSE.EURONEXT.DEAD";0,0701008978506714
"2010";"NABORS.INDUSTRIES";0,738506232332392
"2010";"NASDAQ";-0,114325324914421
"2010";"NOV";0,698937784508251
"2010";"NATIONAL.SEMICON..DEAD";0,563854942824275
"2010";"NETAPP";1,29381632940137
"2010";"NEW.YORK.TIMES..A.";0,250665165553288
"2010";"NEWELL.BRANDS..XSC.";0,61583508046855
"2010";"NEWMONT";0,562088247544067
"2010";"TWENTY.FIRST.CENTURY.FOX.A";0,382884308869338
"2010";"NISOURCE";0,482491907990379
"2010";"NOBLE.ENERGY.DEAD";0,364003606427506
"2010";"NORDSTROM.DEAD";1,72850467799937
"2010";"NORFOLK.SOUTHERN";0,279903323994694
"2010";"EVERSOURCE.ENERGY";0,0817916798742837
"2010";"NORTHERN.TRUST";0,0533867773685248
"2010";"NORTHROP.GRUMMAN";0,210411726607375
"2010";"NOVELL.DEAD";0,0813703989925234
"2010";"NOVELLUS.SYSTEMS.DEAD";0,593745688471469
"2010";"NUCOR";0,0691650275686138
"2010";"NVIDIA";0,793052587839628
"2010";"O.REILLY.AUTOMOTIVE";0,381002653616904
"2010";"OCCIDENTAL.PTL.";0,465454347357368
"2010";"ODP.DEAD";1,14581862730026
"2010";"OMNICOM.GROUP";0,404576199269596
"2010";"ORACLE";0,332345363902393
"2010";"O.I.GLASS";0,243380961517548
"2010";"PACCAR";0,294144874549713
"2010";"PG.E";0,207530921842234
"2010";"PNC.FINL.SVS.GP.";0,254973001656329
"2010";"PPG.INDUSTRIES";0,519721924921841
"2010";"PPL";0,0195730821337126
"2010";"PACTIV.DEAD";0,068617896309805
"2010";"PALL.DEAD";0,223464227576311
"2010";"PARKER.HANNIFIN";0,381556696417415
"2010";"PATTERSON.COMPANIES.DEAD";0,359047183817737
"2010";"PAYCHEX";0,320020013036557
"2010";"PEABODY.ENERGY.DEAD";0,764360357291338
"2010";"OLD.COPPER..OTC..DEAD";0,469977581398866
"2010";"PEOPLES.UNITED.FINANCIAL.DEAD";0,00819182005003638
"2010";"PEPCO.HOLDINGS.DEAD";0,0398916575661896
"2010";"PEPSI.BOTTLING.GP..DEAD";0,89298040123605
"2010";"PEPSICO";0,25826313478527
"2010";"REVVITY";0,396744811529206
"2010";"PFIZER";0,123219826563065
"2010";"PINNACLE.WEST.CAP.";0,19651514770336
"2010";"PIONEER.NTRL.RES..DEAD";1,29279454982467
"2010";"PITNEY.BOWES";-0,0322701436917076
"2010";"PLUM.CREEK.TIMBER.DEAD";0,201283416779492
"2010";"RALPH.LAUREN.CL.A";0,98426074685357
"2010";"PRAXAIR.DEAD";0,371199657766317
"2010";"PREC.CASTPARTS.DEAD";0,926675714429594
"2010";"BOOKING.HOLDINGS";2,07276722363662
"2010";"PRINCIPAL.FINL.GP.";0,386750102725013
"2010";"PROCTER...GAMBLE";0,0975260145018182
"2010";"PROGRESS.ENERGY.DEAD";0,122591976249122
"2010";"PROGRESSIVE.OHIO";0,169381601581297
"2010";"PROLOGIS.DEAD";0,233912323147837
"2010";"PRUDENTIAL.FINL.";0,753888540696922
"2010";"PUB.SER.ENTER.GP.";0,122625294902035
"2010";"PUBLIC.STORAGE";0,265707675142159
"2010";"PULTEGROUP";-0,150201143152025
"2010";"QLOGIC.DEAD";0,454767072306525
"2010";"QUALCOMM";0,301700922523182
"2010";"QUANTA.SERVICES";0,00105804136392784
"2010";"QUEST.DIAGNOSTICS";0,219591613517511
"2010";"QUESTAR.DEAD";0,235143803597189
"2010";"QWEST.COMMS.INTL..DEAD";0,212323700146759
"2010";"RS.LEGACY.DEAD";0,637707545158315
"2010";"RANGE.RES.";0,326933454859692
"2010";"RAYTHEON..B..DEAD";0,077253988753865
"2010";"RED.HAT.DEAD";0,783018119013833
"2010";"REGIONS.FINL.NEW";-0,164368497555263
"2010";"REPUBLIC.SVS..A.";0,231035928258793
"2010";"REYNOLDS.AMERICAN.DEAD";0,366723083908637
"2010";"ROBERT.HALF";0,230017375620165
"2010";"ROCKWELL.AUTOMATION";0,531374267855556
"2010";"ROCKWELL.COLLINS.DEAD";0,520133082363804
"2010";"ROPER.TECHNOLOGIES";0,279001490480317
"2010";"ROSS.STORES";0,509583512332657
"2010";"ROWAN.COMPANIES.CL.A.DEAD";0,608613583068576
"2010";"RYDER.SYSTEM";0,189784060237427
"2010";"LEIDOS.HOLDINGS";-0,0706979683307274
"2010";"SCANA.DEAD";0,108844409182886
"2010";"SLM";-0,0449844650822605
"2010";"SAFEWAY.DEAD";-0,00971353460397961
"2010";"SALESFORCE";1,18474969376096
"2010";"SANDISK.DEAD";0,869647603296832
"2010";"HILLSHIRE.BRANDS.DEAD";0,296550483149556
"2010";"SLB";0,517332150959443
"2010";"CHARLES.SCHWAB";0,170954053619488
"2010";"SEALED.AIR.DEAD";0,588455559212582
"2010";"SEARS.HOLDINGS.DEAD";0,60131217598301
"2010";"SEMPRA";0,307200501104272
"2010";"SHERWIN.WILLIAMS";0,0911805776195709
"2010";"SIGMA.ALDRICH.DEAD";0,42394936430732
"2010";"SIMON.PROPERTY.GROUP";0,738585739334763
"2010";"SMITH.INTL..DEAD";0,0995186339292979
"2010";"J.M.SMUCKER";0,396551329656877
"2010";"SNAP.ON";0,0726165760375446
"2010";"SOUTHERN";-0,0118075886914756
"2010";"SOUTHWEST.AIRLINES";0,130677244819013
"2010";"SOUTHWESTERN.ENERGY.DEAD";0,494784940316739
"2010";"SPECTRA.ENERGY.DEAD";0,348632996065789
"2010";"SPRINT.NEXTEL.DEAD";0,512262281108391
"2010";"ST.JUDE.MEDICAL.DEAD";0,192892842966996
"2010";"STANLEY.BLACK...DECKER";0,525953201220474
"2010";"STAPLES.DEAD";0,344297449486375
"2010";"STARBUCKS";1,31189885433566
"2010";"STARWOOD.H.R.WORLDWIDE.DEAD";0,74933808058811
"2010";"STATE.STREET";0,108614402748022
"2010";"STERICYCLE.DEAD";0,162333926919696
"2010";"STRYKER";0,268788291096825
"2010";"SUNTRUST.BANKS.DEAD";-0,016788861428729
"2010";"SUNOCO.DEAD";-0,36799542282018
"2010";"SUPERVALU.DEAD";-0,164385615313546
"2010";"GEN.DIGITAL";0,32913087452369
"2010";"SYSCO";0,218037898463183
"2010";"T.ROWE.PRICE.GROUP";0,623487286112134
"2010";"TECO.ENERGY.DEAD";0,360901319128155
"2010";"TJX";0,921147754715036
"2010";"TARGET";0,388365090700747
"2010";"TELLABS.DEAD";0,360186604375806
"2010";"TENET.HEALTHCARE";2,9109848867519
"2010";"TERADATA";1,0461994233422
"2010";"TERADYNE..XSC.";0,863967949453016
"2010";"ANDEAVOR.DEAD";-0,132406782316145
"2010";"TEXAS.INSTRUMENTS";0,790200767045159
"2010";"TEXTRON";0,498700965569382
"2010";"BANK.OF.NEW.YORK.MELLON";0,105489088758915
"2010";"THERMO.FISHER.SCIENTIFIC";0,296301857588746
"2010";"TIFFANY...CO.DEAD";0,99502234165513
"2010";"TIME.WARNER.CABLE.DEAD";0,836432087965413
"2010";"TIME.WARNER.DEAD";0,461955431178212
"2010";"TITANIUM.METALS.DEAD";0,385022787373933
"2010";"GLOBE.LIFE";0,089973344561747
"2010";"TOTAL.SYSTEM.SERVICES.DEAD";0,243769728358596
"2010";"TRAVELERS.COS.";0,286816887048466
"2010";"TYSON.FOODS..A.";0,423524141962706
"2010";"US.BANCORP";0,109787500621516
"2010";"UNION.PACIFIC";0,492167110611959
"2010";"UNITED.PARCEL.SER..B.";0,205843337094819
"2010";"UNITED.STATES.STEEL.DEAD";0,402049611171631
"2010";"RTX";0,379611358102955
"2010";"UNITEDHEALTH.GROUP";0,116566701032363
"2010";"UNUM.GROUP";0,191967407023816
"2010";"V.F";0,526399043823775
"2010";"VALERO.ENERGY";-0,312839584609181
"2010";"VARIAN.MEDICAL.SYSTEMS.DEAD";0,244452637704997
"2010";"VENTAS";0,681001411971819
"2010";"VERISIGN";0,28206236544077
"2010";"VERIZON.COMMUNICATIONS";0,0855528658692255
"2010";"VIACOM..B..DEAD";0,716505575016134
"2010";"VORNADO.REALTY.TRUST";0,345946449603916
"2010";"VULCAN.MATERIALS";-0,122232586600893
"2010";"WALMART";0,0642051945211606
"2010";"WALGREENS.BOOTS.ALLIANCE.DEAD";0,487995765714763
"2010";"WALT.DISNEY";0,451729087431675
"2010";"GRAHAM.HOLDINGS..B.";0,0185713008543693
"2010";"WASTE.MANAGEMENT";0,0708385826391595
"2010";"WATERS";0,615140583147313
"2010";"ALLERGAN.DEAD...479";0,546492969524057
"2010";"ELEVANCE.HEALTH";0,406792475466087
"2010";"WELLS.FARGO...CO";0,154629011749988
"2010";"WESTERN.DIGITAL";1,98044450362255
"2010";"WESTERN.UNION";0,219363508168741
"2010";"WEYERHAEUSER";0,45380381384985
"2010";"WHIRLPOOL";0,923373789109129
"2010";"WHOLE.FOODS.MARKET.DEAD";0,975968748940681
"2010";"WILLIAMS";0,359240099878025
"2010";"WINDSTREAM.HOLDINGS.DEAD";0,304431772246696
"2010";"WEC.ENERGY.GROUP";0,125945424249452
"2010";"TRAVEL.LEISURE";1,81413111209123
"2010";"WYNN.RESORTS";0,790145991933606
"2010";"XL.GROUP.DEAD";4,11006178440676
"2010";"XTO.EN..DEAD";0,173721397630629
"2010";"XCEL.ENERGY";0,183421119431142
"2010";"XEROX.HOLDINGS";-0,0526739973670727
"2010";"XILINX.DEAD";0,487509746830962
"2010";"ALTABA.DEAD";0,264190673112623
"2010";"YUM..BRANDS";0,211115254666649
"2010";"ZIMMER.BIOMET.HDG.";0,439496450007854
"2010";"ZIONS.BANCORP.";-0,387473600136396
"2010";"EBAY";0,680914332795259
"2015";"X3M";0,220784798705228
"2015";"CHUBB";0,208694342652088
"2015";"AES";-0,0150511253000168
"2015";"AFLAC";-0,0467135335025087
"2015";"AGL.RESOURCES.DEAD";0,190906040416451
"2015";"AMETEK";-0,00652124650721975
"2015";"AT.T";0,0698464556903167
"2015";"ABBVIE";0,423377182135088
"2015";"ABBOTT.LABORATORIES";0,175865785317645
"2015";"ACCENTURE.CLASS.A";0,0877513571557933
"2015";"ALLERGAN.DEAD...12";0,45791517085123
"2015";"ADOBE..NAS.";0,253500549183466
"2015";"AETNA.DEAD";0,25793509275714
"2015";"AFFILIATED.MANAGERS";-0,0321841266816743
"2015";"AGILENT.TECHS.";0,00266471163173598
"2015";"AIR.PRDS...CHEMS.";0,348667388958726
"2015";"AIRGAS.DEAD";0,0525910540851198
"2015";"AKAMAI.TECHS.";0,365374048824992
"2015";"HOWMET.AEROSPACE";0,72733123013076
"2015";"ALEXION.PHARMS..DEAD";0,536623221401122
"2015";"ATI";-0,0569146380708041
"2015";"ALLERGAN.DEAD...24";0,845994767926788
"2015";"BREAD.FINANCIAL.HOLDINGS";0,127807231715287
"2015";"ALLSTATE.ORD.SHS";0,298207295999861
"2015";"ALTERA.DEAD";0,212873967844021
"2015";"ALTRIA.GROUP";0,413956149362837
"2015";"AMAZON.COM";-0,165938951717589
"2015";"AMEREN";0,238377405608766
"2015";"AMER.ELEC.PWR.";0,30003498311245
"2015";"AMERICAN.EXPRESS";0,0775199936165389
"2015";"AMERICAN.INTL.GP.";0,0779596793787849
"2015";"AMERICAN.TOWER";0,256096049819264
"2015";"AMERIPRISE.FINL.";0,194897057509504
"2015";"CENCORA";0,319779256388628
"2015";"AMGEN";0,482498518309166
"2015";"AMPHENOL..A.";0,200853456666941
"2015";"ANADARKO.PETROLEUM.DEAD";0,0180491609272928
"2015";"ANALOG.DEVICES";0,154556492583804
"2015";"ELEVANCE.HEALTH";0,43501190781559
"2015";"AON.CLASS.A";0,157666464635068
"2015";"APA";-0,243098356147145
"2015";"APARTMENT.INV...MAN..A.";0,461321454564759
"2015";"APPLE";0,529201792532156
"2015";"APPLIED.MATS.";0,404410025016752
"2015";"ARCHER.DANIELS.MIDLAND";0,311354215672078
"2015";"ASSURANT";0,0352628513779569
"2015";"AUTONATION";0,213712529217641
"2015";"AUTOZONE";0,204469973434811
"2015";"AUTODESK";0,178000334697384
"2015";"AUTOMATIC.DATA.PROC.";0,259163849017504
"2015";"BROADCOM";0,772459299541902
"2015";"AVALONBAY.COMMNS.";0,376504791427576
"2015";"AVERY.DENNISON";0,0187069297370008
"2015";"AVON.PRODUCTS.DEAD";-0,395256939648419
"2015";"TRUIST.FINANCIAL";-0,00467541825025319
"2015";"BAKER.HUGHES.A";0,0910519548589372
"2015";"BALL";0,34704670024167
"2015";"BANK.OF.AMERICA";0,0486007559571231
"2015";"C.R.BARD.DEAD";0,287081891749839
"2015";"BAXTER.INTL.";0,0732218604134607
"2015";"BECTON.DICKINSON";0,287614378495191
"2015";"BED.BATH...BEYOND.DEAD";0,0685334548880789
"2015";"BERKSHIRE.HATHAWAY..B.";0,31490026587234
"2015";"BEST.BUY";0,0270772626544835
"2015";"BIOGEN";0,157006850191257
"2015";"BLACKROCK";0,188121332853752
"2015";"H.R.BLOCK";0,189129783322667
"2015";"BOEING";-0,036500732869867
"2015";"BORGWARNER";0,0396797373704689
"2015";"BXP";0,291048799843772
"2015";"BOSTON.SCIENTIFIC";0,00157188686755294
"2015";"BRISTOL.MYERS.SQUIBB";0,0927324365343896
"2015";"BROADCOM..A..DEAD";0,515568047675237
"2015";"BROWN.FORMAN..B.";0,242521532587731
"2015";"CA.DEAD";-0,0412487676232395
"2015";"CBRE.GROUP.CLASS.A";0,272707132134701
"2015";"PARAMOUNT.SKYDANCE.B";-0,103282177859691
"2015";"CF.INDUSTRIES.HDG.";0,119277078402224
"2015";"CH.ROBINSON.WWD.";0,304728121686777
"2015";"CME.GROUP";0,179222003370568
"2015";"CMS.ENERGY";0,29967765190488
"2015";"CNX.RESOURCES";0,0286405845778628
"2015";"CSX";0,308466425222839
"2015";"CVS.HEALTH";0,334628236543919
"2015";"CABLEVISION.SYS..DEAD";0,263732710304085
"2015";"COTERRA.ENERGY";-0,135548619458676
"2015";"CAMERON.INTERNATIONAL.DEAD";-0,135327292568055
"2015";"THE.CAMPBELL.S.COMPANY";0,0765155252051766
"2015";"CAPITAL.ONE.FINL.";0,0953903241320115
"2015";"CARDINAL.HEALTH";0,226482854523945
"2015";"CAREFUSION.DEAD";0,453060565805482
"2015";"CARMAX";0,262483025777714
"2015";"CARNIVAL";0,060339706137317
"2015";"CATERPILLAR";0,136594451942622
"2015";"CELGENE.DEAD";0,396843272198238
"2015";"CENTERPOINT.EN.";0,0728804381437085
"2015";"LUMEN.TECHNOLOGIES";0,398271735539078
"2015";"CERNER.DEAD";0,196252257530086
"2015";"CHESAPEAKE.ENERGY.DEAD";-0,156583185745007
"2015";"CHEVRON";-0,00976972036377044
"2015";"CHIPOTLE.MEXN.GRILL";0,246029401899749
"2015";"CHUBB.DEAD";0,166657412247822
"2015";"CIGNA";0,164381958250384
"2015";"CIMAREX.EN..DEAD";0,115320404229503
"2015";"CINCINNATI.FINL.";0,0442221878829541
"2015";"CINTAS";0,267848118247652
"2015";"CISCO.SYSTEMS";0,28376508310799
"2015";"CITIGROUP";0,0135405130488733
"2015";"CITRIX.SYS..DEAD";0,125543295611909
"2015";"CLOROX";0,164198602312736
"2015";"TAPESTRY";-0,335326831471758
"2015";"COCA.COLA";0,160139796754034
"2015";"COCA.COLA.EUROPACIFIC.PARTNERS";0,0357054687415053
"2015";"COGNIZANT.TECH.SLTN..A.";0,109089115749111
"2015";"COLGATE.PALM.";0,104001261370671
"2015";"COMCAST.A";0,107338812318432
"2015";"COMERICA.DEAD";-0,00558339055618684
"2015";"DXC.TECHNOLOGY";0,183930512589048
"2015";"CONAGRA.BRANDS";0,132099181517603
"2015";"CONOCOPHILLIPS";0,0614302940245919
"2015";"CONSOLIDATED.EDISON";0,243511626974268
"2015";"CONSTELLATION.BRANDS..A.";0,180197340991799
"2015";"CORNING";0,188439072520125
"2015";"COSTCO.WHOLESALE";0,260343487572381
"2015";"CROWN.CASTLE";0,134378508254624
"2015";"CUMMINS";0,0938068454295984
"2015";"DIRECTV.DEAD";0,230117848957256
"2015";"DTE.ENERGY";0,279424147160233
"2015";"DAVITA";0,174297075010352
"2015";"DANAHER";0,10150383963491
"2015";"DARDEN.RESTAURANTS";0,170531509196682
"2015";"DEERE";0,00584174519468106
"2015";"APTIV";0,234512528729462
"2015";"DELTA.AIR.LINES";0,455615080580059
"2015";"DENBURY.RESOURCES..OTC..DEAD";-0,504420200059913
"2015";"DENTSPLY.SIRONA";0,149645580133593
"2015";"DEVON.ENERGY";0,022979081409731
"2015";"DIAMOND.OFFS.DRL..DEAD";-0,398434861148557
"2015";"DISCOVER.FINANCIAL.SVS..DEAD";0,238521530510176
"2015";"WARNER.BROS.DISCOVERY.SERIES.A";-0,160717527950806
"2015";"DISCOVERY.SERIES.C.DEAD";-0,0874134435329399
"2015";"DOLLAR.GENERAL";0,113398344299008
"2015";"DOLLAR.TREE";0,245945320689821
"2015";"DOMINION.ENERGY";0,122956572716287
"2015";"DOVER";0,0109753694709367
"2015";"DOW.CHEMICAL.DEAD";0,191042563235923
"2015";"KEURIG.DR.PEPPER";0,584043977569601
"2015";"DUKE.ENERGY";0,268290463248154
"2015";"DUN...BRADSTREET.DEL..DEAD";0,0686768261686204
"2015";"E.TRADE.FINANCIAL.DEAD";0,104003827858305
"2015";"E.I.DU.PONT.DE.NEMOURS.DEAD";0,175948705655556
"2015";"EMC.DEAD";0,216647633567791
"2015";"EOG.RES.";0,111212068075358
"2015";"EQT";0,0594660132501965
"2015";"EASTMAN.CHEMICAL";0,0834099786517335
"2015";"EATON";-0,0490885279813201
"2015";"ECOLAB";0,0381093937654033
"2015";"EDISON.INTL.";0,440456197275183
"2015";"EDWARDS.LIFESCIENCES";0,927726424488042
"2015";"ELECTRONIC.ARTS";0,947602654939823
"2015";"EMERSON.ELECTRIC";-0,04083572208625
"2015";"ENDO.INTERNATIONAL.DEAD";-4,59447238522204e-05
"2015";"VALARIS.A.DEAD";-0,374093498545826
"2015";"ENTERGY";0,445432442892644
"2015";"EQUIFAX";0,202966589272718
"2015";"EQUITY.RESD.TST.PROPS..SHBI";0,370486117794248
"2015";"ESSEX.PROPERTY.TST.";0,371389461215623
"2015";"ESTEE.LAUDER.COS..A.";0,0175523739536516
"2015";"EXELON";0,412852259024946
"2015";"EXPEDIA.GROUP";0,301122000545835
"2015";"EXPEDITORS.INTL.OF.WASH..A";0,0405232859007918
"2015";"EXPRESS.SCRIPTS.HOLDING.DEAD";0,158010230002696
"2015";"EXXON.MOBIL";-0,0182649731953513
"2015";"F5";0,399261947242865
"2015";"FLIR.SYSTEMS.DEAD";-0,0311843684857633
"2015";"FMC";-0,253055466237714
"2015";"FMC.TECHNOLOGIES.DEAD";-0,0643487901443851
"2015";"META.PLATFORMS.A";0,349470936448819
"2015";"FAMILY.DOLLAR.STORES.DEAD";0,237989220533979
"2015";"FASTENAL";-0,0329680787560753
"2015";"FEDEX";0,288892074622529
"2015";"FIDELITY.NAT.INFO.SVS.";0,196480370116699
"2015";"FIFTH.THIRD.BANCORP";-0,0459381980195606
"2015";"FIRST.SOLAR";-0,0693462038311512
"2015";"FIRSTENERGY";0,211537541814898
"2015";"FISERV";0,241278147513105
"2015";"FLOWSERVE";-0,198910111637325
"2015";"FLUOR";-0,201522571921462
"2015";"FORD.MOTOR";0,0189222369568216
"2015";"FOSSIL.GROUP";-0,0502077235796153
"2015";"FRANKLIN.RESOURCES";0,0218464777762846
"2015";"FREEPORT.MCMORAN";-0,253733236227246
"2015";"FRONTIER.COMMUNICATIONS.DEAD";0,578289256255975
"2015";"GAMESTOP..A.";-0,187700683438087
"2015";"TEGNA.DEAD";0,16929973896639
"2015";"GAP";0,0588170297446116
"2015";"GARMIN";0,275459834533126
"2015";"GENERAL.DYNAMICS";0,551250187196175
"2015";"GE.AEROSPACE";-0,000289363868313908
"2015";"GGP.DEAD";0,36591557981267
"2015";"GENERAL.MILLS";0,113219810776556
"2015";"GENERAL.MOTORS";-0,137359746565836
"2015";"GENUINE.PARTS";0,280492790031684
"2015";"GENWORTH.FINANCIAL";-0,467604471371175
"2015";"GILEAD.SCIENCES";0,396557959411494
"2015";"GOLDMAN.SACHS.GP.";0,0957210828400874
"2015";"GOODYEAR.TIRE...RUB.";0,0854847338019433
"2015";"ALPHABET..A.";-0,0421644861841516
"2015";"WW.GRAINGER";-0,0509619436987662
"2015";"HCA.HEALTHCARE";0,352225852123276
"2015";"HEALTHPEAK.PROPERTIES";0,256694197068737
"2015";"HALLIBURTON";-0,180457276511047
"2015";"HARLEY.DAVIDSON";0,0362879109691172
"2015";"HARMAN.INTL.INDS..DEAD";0,258618485039209
"2015";"L3HARRIS.TECHNOLOGIES";0,0632955156237636
"2015";"HARTFORD.INSURANCE.GROUP";0,210288947651752
"2015";"HASBRO";0,135622375631335
"2015";"WELLTOWER";0,405693319083145
"2015";"HELMERICH...PAYNE";-0,154710739797912
"2015";"HERSHEY";0,0484592893005702
"2015";"HESS.DEAD";-0,0400455116508212
"2015";"HP";0,404593614030046
"2015";"HOME.DEPOT";0,238638292884239
"2015";"HONEYWELL.INTL.";0,12240828228436
"2015";"HORMEL.FOODS";0,189287058226608
"2015";"D.R.HORTON";0,187972406432286
"2015";"HOSPIRA.DEAD";0,457383430308465
"2015";"HOST.HOTELS...RESORTS.REIT";0,256759458956706
"2015";"HUDSON.CITY.BANC..DEAD";0,0727354431679283
"2015";"HUMANA";0,468442975288438
"2015";"HUNTINGTON.BCSH.";0,0548006564660797
"2015";"ILLINOIS.TOOL.WORKS";0,189693894331577
"2015";"TRANE.TECHNOLOGIES";0,0341270438715509
"2015";"INTEGRYS.ENERGY.GROUP.DEAD";0,442611218005736
"2015";"INTEL";0,522265041624475
"2015";"INTERCONTINENTAL.EX.";0,0295138443860445
"2015";"INTERPUBLIC.GROUP.DEAD";0,204232228290704
"2015";"INTERNATIONAL.BUS.MCHS.";-0,0949108326658938
"2015";"INTL.FLAVORS...FRAG.";0,2197395494121
"2015";"INTERNATIONAL.PAPER";0,172203623720765
"2015";"INTUIT";0,254357781895706
"2015";"INTUITIVE.SURGICAL";0,303269983984764
"2015";"INVESCO";0,185806264986801
"2015";"IRON.MOUNTAIN";0,615191613550474
"2015";"JP.MORGAN.CHASE...CO.";0,0804929311299496
"2015";"JACOBS.SOLUTIONS";-0,275535786845273
"2015";"JOHNSON...JOHNSON";0,17928337260888
"2015";"JOHNSON.CONTROLS.DEAD";-0,0110386300621292
"2015";"JOY.GLOBAL.DEAD";-0,0705541176037547
"2015";"JUNIPER.NETWORKS.DEAD";-0,142415991403318
"2015";"KLA";0,411818088358781
"2015";"KANSAS.CITY.SOUTHERN.DEAD";0,0344271080632719
"2015";"KELLANOVA.DEAD";0,133974842519898
"2015";"KEURIG.GREEN.MOUNTAIN.DEAD";0,752528235480884
"2015";"KEYCORP";-0,00129261482793153
"2015";"KIMBERLY.CLARK";0,184468131746714
"2015";"KIMCO.REALTY";0,30201357575366
"2015";"KINDER.MORGAN";0,231565387656335
"2015";"KOHL.S";0,0934292273725175
"2015";"KRAFT.FOODS.GROUP.DEAD";0,155630917150016
"2015";"KROGER";0,562918212416955
"2015";"BATH.AND.BODY.WORKS";0,490738786016998
"2015";"L3.TECHNOLOGIES.DEAD";0,1936210406845
"2015";"LABCORP.HOLDINGS";0,155814884557855
"2015";"LAM.RESEARCH";0,518266618732457
"2015";"LEGG.MASON.DEAD";0,28650692520756
"2015";"LEGGETT.PLATT";0,447031991009124
"2015";"LENNAR.A.A";0,22732825072064
"2015";"JEFFERIES.FINANCIAL.GROUP";-0,168251984183686
"2015";"LEVEL.3.COMMS..DEAD";0,475304234428333
"2015";"ELI.LILLY";0,397052426371995
"2015";"LINCOLN.NATIONAL";0,111108026490938
"2015";"LINEAR.TECHNOLOGY.DEAD";0,0567580555257194
"2015";"LOCKHEED.MARTIN";0,299872140018614
"2015";"LOEWS";-0,104107967167781
"2015";"LORILLARD.DEAD";0,347599875193139
"2015";"LOWE.S.COMPANIES";0,336405669069225
"2015";"LYONDELLBASELL.INDS.CL.A";-0,00662594108910264
"2015";"M.T.BANK";0,124302769425848
"2015";"MACERICH";0,424970557286941
"2015";"MACY.S";0,161831446129252
"2015";"MARATHON.OIL.DEAD";-0,108356492534539
"2015";"MARATHON.PETROLEUM";0,0892727202239958
"2015";"MARRIOTT.INTL..A.";0,607233041655233
"2015";"MARSH";0,229362488443348
"2015";"MARTIN.MRTA.MATS.";0,140492737545282
"2015";"MASCO";0,0841324354276667
"2015";"MASTERCARD";0,0878321053354192
"2015";"MATTEL";-0,285130523576155
"2015";"MCCORMICK...COMPANY.NV.";0,0833695687273994
"2015";"MCDONALDS";0,0374916647443277
"2015";"S.P.GLOBAL";0,232871807986196
"2015";"MCKESSON";0,2671619027433
"2015";"MEAD.JOHNSON.NUTRITION.DEAD";0,256005665821823
"2015";"MEADWESTVACO.DEAD";0,350665033095858
"2015";"MEDTRONIC";0,272810492628228
"2015";"MERCK...COMPANY";0,169995138283055
"2015";"METLIFE";0,0667364950822318
"2015";"CAPRI.HOLDINGS";-0,0315099891798292
"2015";"MICROCHIP.TECH.";0,0209451603487236
"2015";"MICRON.TECHNOLOGY";0,526679625930967
"2015";"MICROSOFT";0,422768365010679
"2015";"MOHAWK.INDUSTRIES";0,0424870142175338
"2015";"MOLSON.COORS.BEVERAGE.COMPANY.B";0,399818342585732
"2015";"MONDELEZ.INTERNATIONAL.CL.A";0,118859679975385
"2015";"MONSANTO.DEAD";0,0788313274173531
"2015";"MONSTER.BEVERAGE";0,571864070173252
"2015";"MOODY.S";0,356503273472254
"2015";"MORGAN.STANLEY";0,171728856895136
"2015";"MOSAIC";-0,00758788852097714
"2015";"MOTOROLA.SOLUTIONS";0,0158568765112554
"2015";"MURPHY.OIL";-0,194641418430494
"2015";"VIATRIS";0,278068959976703
"2015";"NIKE..B.";0,316933723203768
"2015";"NRG.ENERGY";0,14431419824602
"2015";"NABORS.INDUSTRIES";-0,216700909023106
"2015";"NASDAQ";0,16304202961582
"2015";"NOV";-0,0225819957941583
"2015";"NETAPP";0,0717471149698998
"2015";"NETFLIX";0,0458565139242828
"2015";"NEWELL.BRANDS..XSC.";0,159226830721806
"2015";"NEWFIELD.EXPLORATION.DEAD";0,0567545761372648
"2015";"NEWMONT";-0,190334275422476
"2015";"NEXTERA.ENERGY";0,250004434338965
"2015";"NIELSEN.DEAD";-0,0244623342284718
"2015";"NISOURCE";0,293186963848315
"2015";"NOBLE.CORPORATION.DEAD";-0,408544654718896
"2015";"NOBLE.ENERGY.DEAD";-0,191351747138794
"2015";"NORDSTROM.DEAD";0,298749561365794
"2015";"NORFOLK.SOUTHERN";0,238115859134222
"2015";"EVERSOURCE.ENERGY";0,241927907153701
"2015";"NORTHERN.TRUST";0,136168535892032
"2015";"NORTHROP.GRUMMAN";0,237982086044865
"2015";"NUCOR";0,0537706448433481
"2015";"NVIDIA";0,366488771869631
"2015";"O.REILLY.AUTOMOTIVE";0,41308733839052
"2015";"ONEOK";-0,0198218618730308
"2015";"OCCIDENTAL.PTL.";-0,0614421465029072
"2015";"OMNICOM.GROUP";0,109863219079287
"2015";"ORACLE";0,127557619729336
"2015";"O.I.GLASS";-0,240029568356373
"2015";"PACCAR";0,18503646660175
"2015";"PETSMART.DEAD";0,198427568379916
"2015";"PG.E";0,317278058947288
"2015";"PNC.FINL.SVS.GP.";0,149488421628922
"2015";"PPG.INDUSTRIES";0,183207198799774
"2015";"PPL";0,231009963888541
"2015";"PVH";-0,0593066446126437
"2015";"PALL.DEAD";0,177821445306307
"2015";"PARKER.HANNIFIN";0,0416453287251426
"2015";"PATTERSON.COMPANIES.DEAD";0,209170640258756
"2015";"PAYCHEX";0,125283164035837
"2015";"PENTAIR";-0,150689933521977
"2015";"PEOPLES.UNITED.FINANCIAL.DEAD";-0,00288838486766341
"2015";"PEPCO.HOLDINGS.DEAD";0,512237330637321
"2015";"PEPSICO";0,245076545625713
"2015";"REVVITY";0,0682623248961662
"2015";"PERRIGO";-0,0148683948900612
"2015";"PFIZER";0,0704168234097748
"2015";"PHILIP.MORRIS.INTL.";0,0964641866392872
"2015";"PHILLIPS.66";-0,00359173219364173
"2015";"PINNACLE.WEST.CAP.";0,275265759503851
"2015";"PIONEER.NTRL.RES..DEAD";-0,111725229694344
"2015";"PITNEY.BOWES";0,0816838043017538
"2015";"PLUM.CREEK.TIMBER.DEAD";-0,0120419484495693
"2015";"PRAXAIR.DEAD";-0,00280166551624217
"2015";"PREC.CASTPARTS.DEAD";-0,12296038703293
"2015";"PRINCIPAL.FINL.GP.";0,133560174993144
"2015";"PROLOGIS.REIT";0,188547415994646
"2015";"PROCTER...GAMBLE";0,173924735526663
"2015";"PROGRESSIVE.OHIO";0,128502787211881
"2015";"PRUDENTIAL.FINL.";-0,0109362983743383
"2015";"PUB.SER.ENTER.GP.";0,352729764202619
"2015";"PUBLIC.STORAGE";0,238735479839484
"2015";"PULTEGROUP";0,125272132754298
"2015";"QEP.RESOURCES..NYS..DEAD";-0,273626482388593
"2015";"QUALCOMM";0,0224544717156629
"2015";"QUANTA.SERVICES";-0,0629164818317716
"2015";"QUEST.DIAGNOSTICS";0,229516873816422
"2015";"RALPH.LAUREN.CL.A";0,087826042400095
"2015";"RANGE.RES.";-0,1942824143743
"2015";"RAYTHEON..B..DEAD";0,209396153904296
"2015";"RED.HAT.DEAD";0,0678997002361237
"2015";"REGENERON.PHARMS.";0,569458874334626
"2015";"REGIONS.FINL.NEW";-0,0314413804666294
"2015";"REPUBLIC.SVS..A.";0,245753795703791
"2015";"REYNOLDS.AMERICAN.DEAD";0,41741180029873
"2015";"ROBERT.HALF";0,40661325255232
"2015";"ROCKWELL.AUTOMATION";0,0262583404426
"2015";"ROCKWELL.COLLINS.DEAD";0,146607771490354
"2015";"ROPER.TECHNOLOGIES";0,142892330845002
"2015";"ROSS.STORES";0,242555887188286
"2015";"ROYAL.CARIBBEAN.GROUP";0,600163034680099
"2015";"RYDER.SYSTEM";0,310830682367486
"2015";"SCANA.DEAD";0,281751368885716
"2015";"SALESFORCE";0,054084545289022
"2015";"SANDISK.DEAD";0,440072850080137
"2015";"SLB";-0,0100186916385735
"2015";"CHARLES.SCHWAB";0,149039070732028
"2015";"SCRIPPS.NETWORKS.INTERACTIVE.A";0,0459953970235036
"2015";"SEAGATE.TECHNOLOGY.HOLDINGS";0,192836655520689
"2015";"SEALED.AIR.DEAD";0,200750902778592
"2015";"SEMPRA";0,241275952907901
"2015";"SHERWIN.WILLIAMS";0,2929009130341
"2015";"SIGMA.ALDRICH.DEAD";0,498989288716262
"2015";"SIMON.PROPERTY.GROUP";0,284453380413706
"2015";"J.M.SMUCKER";0,0860898493309914
"2015";"SNAP.ON";0,296239932689115
"2015";"SOUTHERN";0,217082044841937
"2015";"SOUTHWEST.AIRLINES";0,964479833587917
"2015";"SOUTHWESTERN.ENERGY.DEAD";-0,186284846804463
"2015";"SPECTRA.ENERGY.DEAD";0,117164215828247
"2015";"ST.JUDE.MEDICAL.DEAD";0,0396197859324106
"2015";"STANLEY.BLACK...DECKER";0,200358671494847
"2015";"STAPLES.DEAD";0,00369868709997401
"2015";"STARBUCKS";0,0853351449840443
"2015";"STARWOOD.H.R.WORLDWIDE.DEAD";0,043764277261245
"2015";"STATE.STREET";0,0748950162512434
"2015";"STERICYCLE.DEAD";0,130087584364773
"2015";"STRYKER";0,23534833289759
"2015";"SUNTRUST.BANKS.DEAD";0,0513236369717427
"2015";"GEN.DIGITAL";0,216540639129362
"2015";"SYSCO";0,128344877308146
"2015";"T.ROWE.PRICE.GROUP";0,0272119183770712
"2015";"TE.CONNECTIVITY";0,16905410334445
"2015";"TECO.ENERGY.DEAD";0,22258576135272
"2015";"TJX";0,0499635178585347
"2015";"TARGET";0,225689454173122
"2015";"TENET.HEALTHCARE";0,0186755674697554
"2015";"TERADATA";0,0123245829523149
"2015";"ANDEAVOR.DEAD";0,427807661380673
"2015";"TEXAS.INSTRUMENTS";0,326071949115399
"2015";"TEXTRON";0,214058064804973
"2015";"ADT.DEAD";-0,0946012610521679
"2015";"BANK.OF.NEW.YORK.MELLON";0,224912805997886
"2015";"BOOKING.HOLDINGS";-0,000445477102047231
"2015";"WILLIAMS";0,336364254513097
"2015";"THERMO.FISHER.SCIENTIFIC";0,144074911090478
"2015";"TIFFANY...CO.DEAD";0,242063388060657
"2015";"TIME.WARNER.CABLE.DEAD";0,151727180013466
"2015";"TIME.WARNER.DEAD";0,370260528402602
"2015";"GLOBE.LIFE";0,0473409520172492
"2015";"TOTAL.SYSTEM.SERVICES.DEAD";0,0579258206735578
"2015";"TRACTOR.SUPPLY";0,0520024683991331
"2015";"TRANSOCEAN";-0,559223263504848
"2015";"TRAVELERS.COS.";0,231316228215483
"2015";"TRIPADVISOR..A.";-0,091916547265473
"2015";"TWENTY.FIRST.CENTURY.FOX.A";0,158943288902941
"2015";"JOHNSON.CONTROLS.INTL.";0,0876864311688603
"2015";"TYSON.FOODS..A.";0,225548409008244
"2015";"US.BANCORP";0,0998182412370376
"2015";"UNDER.ARMOUR.A";0,637161998945635
"2015";"UNION.PACIFIC";0,442405375742834
"2015";"UNITED.PARCEL.SER..B.";0,131713928624159
"2015";"UNITED.RENTALS";0,410327095656761
"2015";"RTX";-0,00725291434165898
"2015";"UNITEDHEALTH.GROUP";0,367013073501098
"2015";"UNIVERSAL.HEALTH.SVS..B.";0,245701468425577
"2015";"UNUM.GROUP";-0,00218911090391616
"2015";"URBAN.OUTFITTERS";-0,157180755522692
"2015";"V.F";0,248157558369209
"2015";"VALERO.ENERGY";0,00812888995431482
"2015";"VARIAN.MEDICAL.SYSTEMS.DEAD";0,105076480176104
"2015";"VENTAS";0,250687664383391
"2015";"VERISIGN";-0,0263660141419977
"2015";"VERIZON.COMMUNICATIONS";0,0788204514250139
"2015";"VERTEX.PHARMS.";0,543813728680752
"2015";"VIACOM..B..DEAD";-0,11190177503866
"2015";"VISA..A.";0,197162375912802
"2015";"VORNADO.REALTY.TRUST";0,275596842603681
"2015";"VULCAN.MATERIALS";0,119712821015858
"2015";"WALMART";0,135877189742207
"2015";"WALGREENS.BOOTS.ALLIANCE.DEAD";0,130794313106492
"2015";"WALT.DISNEY";0,276703664448143
"2015";"WASTE.MANAGEMENT";0,163648353469545
"2015";"WATERS";0,162107225365006
"2015";"WELLS.FARGO...CO";0,222702023621198
"2015";"WESTERN.DIGITAL";0,229430960375932
"2015";"WESTERN.UNION";0,142723567280264
"2015";"WEYERHAEUSER";0,193887330262616
"2015";"WHIRLPOOL";0,225787974338176
"2015";"WHOLE.FOODS.MARKET.DEAD";-0,0706419425762398
"2015";"WINDSTREAM.HOLDINGS.DEAD";0,370919903429079
"2015";"WEC.ENERGY.GROUP";0,259128400873613
"2015";"TRAVEL.LEISURE";0,181908997787265
"2015";"WYNN.RESORTS";-0,11586887239521
"2015";"XL.GROUP.DEAD";0,203726625242948
"2015";"XCEL.ENERGY";0,272211796726401
"2015";"XEROX.HOLDINGS";0,15133580033663
"2015";"XILINX.DEAD";0,0402894674871057
"2015";"XYLEM";0,100819434285184
"2015";"ALTABA.DEAD";0,266911115533535
"2015";"YUM..BRANDS";0,0891196961298821
"2015";"ZIMMER.BIOMET.HDG.";0,204755529798121
"2015";"ZIONS.BANCORP.";-0,067515854972342
"2015";"EBAY";0,0472488023279745
"2020";"AMAZON.COM";0,0858850424268989
"2020";"ABBOTT.LABORATORIES";0,239051345754298
"2020";"AES";0,27065847165596
"2020";"ABIOMED.DEAD";-0,406236606477308
"2020";"INTERNATIONAL.BUS.MCHS.";0,147055502799667
"2020";"ADVANCED.MICRO.DEVICES";0,910475526606239
"2020";"ADOBE..NAS.";0,275011391450607
"2020";"ALEXANDRIA.REAL.ESTATE.EQUITIES.REIT";0,35414628384518
"2020";"AIR.PRDS...CHEMS.";0,497603350665117
"2020";"ALASKA.AIR.GROUP";0,0852197010395568
"2020";"BXP";0,173124731440878
"2020";"ALLSTATE.ORD.SHS";0,360118412320842
"2020";"HONEYWELL.INTL.";0,295589351532671
"2020";"AMGEN";0,199806044574057
"2020";"HESS.DEAD";0,208507701112006
"2020";"AMERICAN.EXPRESS";0,201709187121873
"2020";"AMER.ELEC.PWR.";0,251474992762985
"2020";"AFLAC";0,177188303132204
"2020";"AMERICAN.INTL.GP.";0,262730500719989
"2020";"ANALOG.DEVICES";0,255015528957522
"2020";"ALEXION.PHARMS..DEAD";0,0162834078214997
"2020";"VALERO.ENERGY";0,271320334675401
"2020";"APA";-0,348465512367132
"2020";"COMCAST.A";0,242201693609897
"2020";"ANSYS.DEAD";0,620081208589023
"2020";"APPLE";0,759859913250146
"2020";"APPLIED.MATS.";0,660799543526517
"2020";"ALBEMARLE";-0,147391122385641
"2020";"ARCHER.DANIELS.MIDLAND";0,0383941889823975
"2020";"PINNACLE.WEST.CAP.";0,0449332677572793
"2020";"AMEREN";0,145070784208903
"2020";"AUTODESK";0,28473456140321
"2020";"AUTOMATIC.DATA.PROC.";0,300641637240575
"2020";"AUTOZONE";0,432377694817131
"2020";"AVERY.DENNISON";0,380964858730542
"2020";"BALL";0,37882215826659
"2020";"BERKSHIRE.HATHAWAY..B.";0,121969266545042
"2020";"BAXTER.INTL.";0,234958146401453
"2020";"BECTON.DICKINSON";0,142792568682437
"2020";"AMETEK";0,388396919121986
"2020";"VERIZON.COMMUNICATIONS";0,0662270285118531
"2020";"W.R.BERKLEY";0,449394801908201
"2020";"BEST.BUY";0,433529069492369
"2020";"SL.GREEN.REALTY";-0,00701018320498736
"2020";"YUM..BRANDS";0,124153893345129
"2020";"FIRSTENERGY";0,282807295310138
"2020";"H.R.BLOCK";-0,0371375535330442
"2020";"BOEING";0,030097238541972
"2020";"ROBERT.HALF";0,0127347529718016
"2020";"BORGWARNER";0,104134718259617
"2020";"BOSTON.SCIENTIFIC";0,201121714711975
"2020";"CH.ROBINSON.WWD.";-0,0761914412059727
"2020";"TAKE.TWO.INTACT.SFTW.";0,10782965583327
"2020";"METTLER.TOLEDO.INTL.";0,254352002058396
"2020";"BRISTOL.MYERS.SQUIBB";0,227421272459838
"2020";"ONEOK";0,246327754555274
"2020";"AVALONBAY.COMMNS.";0,208789150742474
"2020";"UNITED.RENTALS";0,295322945957444
"2020";"SEMPRA";0,311496926329492
"2020";"FEDEX";-0,064569247854479
"2020";"VERISIGN";0,171244327404246
"2020";"AMPHENOL..A.";0,270562315915245
"2020";"BROWN.FORMAN..B.";0,451040453577769
"2020";"QUANTA.SERVICES";0,284238587225593
"2020";"CSX";0,0876227068696409
"2020";"COTERRA.ENERGY";-0,326681884711595
"2020";"THE.CAMPBELL.S.COMPANY";0,379568128342833
"2020";"CONSTELLATION.BRANDS..A.";0,187449064261269
"2020";"CARDINAL.HEALTH";0,183186075728382
"2020";"CATERPILLAR";0,112522943593861
"2020";"CITRIX.SYS..DEAD";0,0646285971579819
"2020";"LUMEN.TECHNOLOGIES";-0,0444535919521915
"2020";"CERNER.DEAD";0,323997860882766
"2020";"JP.MORGAN.CHASE...CO.";0,345687515616321
"2020";"CHURCH...DWIGHT.CO.";0,0535750156903116
"2020";"CINCINNATI.FINL.";0,394477058045436
"2020";"CINTAS";0,45308937226362
"2020";"CISCO.SYSTEMS";0,0492964243625693
"2020";"CLOROX";-0,00307142988638853
"2020";"COCA.COLA";0,171359159241482
"2020";"COPART";0,734474342609062
"2020";"COLGATE.PALM.";0,116200965984202
"2020";"MARRIOTT.INTL..A.";0,301960129595036
"2020";"COMERICA.DEAD";-0,0160979713307949
"2020";"NRG.ENERGY";-0,00800355517817264
"2020";"CONAGRA.BRANDS";0,373298691455475
"2020";"CONSOLIDATED.EDISON";0,166816504216438
"2020";"CMS.ENERGY";0,257650737204665
"2020";"COOPER.COS.";0,192726087417863
"2020";"CORNING";-0,0166979042288422
"2020";"SEALED.AIR.DEAD";0,0326666510266012
"2020";"CUMMINS";0,339214938403472
"2020";"D.R.HORTON";0,404471898458753
"2020";"DANAHER";0,389849846451995
"2020";"MOODY.S";0,526680640246575
"2020";"COGNIZANT.TECH.SLTN..A.";-0,00944932564110512
"2020";"TARGET";0,837560478352964
"2020";"DEERE";0,0595213868202167
"2020";"MORGAN.STANLEY";0,210035682418569
"2020";"REPUBLIC.SVS..A.";0,191597731981853
"2020";"WALT.DISNEY";0,344984576459231
"2020";"DOLLAR.TREE";-0,0798071612996945
"2020";"DOVER";0,445962080702012
"2020";"OMNICOM.GROUP";0,0637456274228014
"2020";"DTE.ENERGY";0,127574290556199
"2020";"DUKE.REALTY.DEAD";0,292410165210543
"2020";"FLOWSERVE";0,180616117399895
"2020";"DARDEN.RESTAURANTS";0,128518238695096
"2020";"EBAY";0,165180567686995
"2020";"BANK.OF.AMERICA";0,305738828071535
"2020";"CITIGROUP";0,350479087407902
"2020";"EASTMAN.CHEMICAL";0,044618764739542
"2020";"E.TRADE.FINANCIAL.DEAD";-0,0582983399853167
"2020";"CADENCE.DESIGN.SYS.";0,51673845305003
"2020";"DISH.NETWORK..A..DEAD";0,200094278430564
"2020";"ECOLAB";0,245868113587016
"2020";"REVVITY";0,10744908497257
"2020";"ELECTRONIC.ARTS";0,106383382055121
"2020";"SALESFORCE";0,0913972755775374
"2020";"EMERSON.ELECTRIC";0,219023731515746
"2020";"ATMOS.ENERGY";0,17567478334536
"2020";"ESSEX.PROPERTY.TST.";0,246143344288815
"2020";"ENTERGY";0,400450521669524
"2020";"EOG.RES.";-0,261143069741763
"2020";"EQUIFAX";0,447699481794895
"2020";"EQUITY.RESD.TST.PROPS..SHBI";0,26299008909426
"2020";"ESTEE.LAUDER.COS..A.";0,568025523208076
"2020";"EXPEDITORS.INTL.OF.WASH..A";0,093941991780067
"2020";"EXXON.MOBIL";0,000314292578047493
"2020";"FMC";0,427055124355786
"2020";"NEXTERA.ENERGY";0,348760463646424
"2020";"ASSURANT";0,453344324178898
"2020";"FASTENAL";0,308566191453422
"2020";"FEDERAL.REALTY.INV.TST.";0,0769937723518883
"2020";"FIFTH.THIRD.BANCORP";0,232905705443386
"2020";"M.T.BANK";0,119780803453466
"2020";"FISERV";0,542568360415663
"2020";"FLIR.SYSTEMS.DEAD";0,195906781060994
"2020";"MACY.S";-0,359912142138725
"2020";"FRANKLIN.RESOURCES";-0,0886149537827848
"2020";"FREEPORT.MCMORAN";0,0051841283061953
"2020";"ARTHUR.J.GALLAGHER";0,288189516255423
"2020";"GAP";-0,333953828178053
"2020";"GENERAL.DYNAMICS";0,111929242569551
"2020";"GENERAL.MILLS";0,315150267434118
"2020";"GENUINE.PARTS";0,113381672825991
"2020";"GILEAD.SCIENCES";-0,00226480897089398
"2020";"GARTNER..A.";0,221762200671812
"2020";"MCKESSON";0,189319474894612
"2020";"NVIDIA";0,411694385531904
"2020";"GE.AEROSPACE";0,301866121649252
"2020";"WW.GRAINGER";0,129114532802214
"2020";"HALLIBURTON";-0,289870195292693
"2020";"GOLDMAN.SACHS.GP.";0,255059901343915
"2020";"HARLEY.DAVIDSON";0,024896443960569
"2020";"HASBRO";0,186773653417549
"2020";"HENRY.SCHEIN";0,105219374443085
"2020";"HELMERICH...PAYNE";-0,210329291114661
"2020";"HERSHEY";0,427592033935641
"2020";"F5";-0,11732298587711
"2020";"JUNIPER.NETWORKS.DEAD";-0,0917468101022804
"2020";"HOLOGIC.DEAD";0,201822885610398
"2020";"UNUM.GROUP";-0,026896634809594
"2020";"HOME.DEPOT";0,237863726098325
"2020";"HORMEL.FOODS";0,0842365764017412
"2020";"CENTERPOINT.EN.";-0,134906274154683
"2020";"HUMANA";0,201169111098055
"2020";"HUNT.JB.TRANSPORT.SVS.";0,184257245403653
"2020";"HUNTINGTON.BCSH.";0,212078409756024
"2020";"BIOGEN";-0,12260987131066
"2020";"IDEX";0,187891997287343
"2020";"ILLINOIS.TOOL.WORKS";0,347224466452574
"2020";"INTUIT";0,252027217015978
"2020";"IDEXX.LABORATORIES";0,302942578858545
"2020";"INTEL";0,207688432448095
"2020";"INTL.FLAVORS...FRAG.";0,0593043179269666
"2020";"INTERNATIONAL.PAPER";0,0704043097247509
"2020";"INTERPUBLIC.GROUP.DEAD";0,0402158367577121
"2020";"JACOBS.SOLUTIONS";0,49100919511974
"2020";"JACK.HENRY.AND.ASSOCIATES";0,201152624014037
"2020";"INCYTE";0,264767477661999
"2020";"JOHNSON...JOHNSON";0,0888596946992395
"2020";"HARTFORD.INSURANCE.GROUP";0,412200522596963
"2020";"KLA";0,754066374030891
"2020";"DEVON.ENERGY";-0,163413133018206
"2020";"KELLANOVA.DEAD";0,159344641665182
"2020";"KEYCORP";0,243630225721155
"2020";"KIMCO.REALTY";0,384839949000221
"2020";"KIMBERLY.CLARK";0,191985628685228
"2020";"BLACKROCK";0,259276194991353
"2020";"KOHL.S";-0,277867155883375
"2020";"KROGER";-0,00137348853620767
"2020";"LAM.RESEARCH";0,854864364961844
"2020";"PACKAGING.CORP.OF.AM.";0,24779130043757
"2020";"AKAMAI.TECHS.";0,357296493422901
"2020";"LEGGETT.PLATT";0,401032929025258
"2020";"LENNAR.A.A";0,272087070581471
"2020";"ELI.LILLY";0,0275892191348208
"2020";"LINCOLN.NATIONAL";0,0807945244767005
"2020";"UNITED.PARCEL.SER..B.";0,248604569844847
"2020";"AGILENT.TECHS.";0,149171660881388
"2020";"LOCKHEED.MARTIN";0,417551713075916
"2020";"LOEWS";0,082899514772786
"2020";"CARNIVAL";-0,116300204930952
"2020";"LOWE.S.COMPANIES";0,216183727307406
"2020";"DOMINION.ENERGY";0,215809539456303
"2020";"MGM.RESORTS.INTL.";0,158343080277644
"2020";"MCCORMICK...COMPANY.NV.";0,219768645646533
"2020";"MCDONALDS";0,0961452931099902
"2020";"EVEREST.GROUP";0,283533534875803
"2020";"EDWARDS.LIFESCIENCES";0,589565694223754
"2020";"HOST.HOTELS...RESORTS.REIT";0,0204618074042551
"2020";"MARSH";0,342743112469893
"2020";"MASCO";0,421201761183718
"2020";"MARTIN.MRTA.MATS.";0,518893982396516
"2020";"METLIFE";0,171464478908728
"2020";"MAXIM.INTEGRATED.PRDS..DEAD";0,106373143156855
"2020";"ACTIVISION.BLIZZARD.DEAD";0,174187728045373
"2020";"CVS.HEALTH";0,18715502125003
"2020";"LABCORP.HOLDINGS";0,308772644714814
"2020";"MICROSOFT";0,475107882278014
"2020";"MICRON.TECHNOLOGY";0,288433316363471
"2020";"MID.AMER.APT.COMMUNITIES";0,423123844565729
"2020";"MICROCHIP.TECH.";0,242445545066182
"2020";"X3M";-0,0945277359067638
"2020";"MOHAWK.INDUSTRIES";0,0959704903095924
"2020";"KANSAS.CITY.SOUTHERN.DEAD";0,49442823888276
"2020";"ILLUMINA";0,0418547233900015
"2020";"XCEL.ENERGY";0,267183612150483
"2020";"FORD.MOTOR";0,0885814611384741
"2020";"NOV";-0,202618310014084
"2020";"NETAPP";-0,0140619451831352
"2020";"NEWELL.BRANDS..XSC.";-0,00479401547497194
"2020";"NEWMONT";0,152208205915382
"2020";"NVR";0,452696303297024
"2020";"NIKE..B.";0,243713766377174
"2020";"NOBLE.ENERGY.DEAD";-0,0530086319254696
"2020";"NORDSTROM.DEAD";-0,173549919762548
"2020";"NORFOLK.SOUTHERN";0,18588751203287
"2020";"NISOURCE";0,0208285245497113
"2020";"NORTHERN.TRUST";0,269965176160965
"2020";"NORTHROP.GRUMMAN";0,356629331441989
"2020";"WELLS.FARGO...CO";0,164914279849413
"2020";"NUCOR";0,0234486029642065
"2020";"CAPITAL.ONE.FINL.";0,247926381197788
"2020";"OCCIDENTAL.PTL.";-0,387995527279321
"2020";"OLD.DOMINION.FGT.LINES";0,461709075082043
"2020";"ORACLE";0,166409740830253
"2020";"PACCAR";0,383353030381361
"2020";"EXELON";-0,0107819735765106
"2020";"PARKER.HANNIFIN";0,275356516621993
"2020";"PAYCHEX";0,296200004532061
"2020";"ALIGN.TECHNOLOGY";0,382148968356445
"2020";"PPL";0,206000624380728
"2020";"PEPSICO";0,284188248026729
"2020";"PFIZER";-0,0748925429860128
"2020";"CONOCOPHILLIPS";-0,0704704744030743
"2020";"PIONEER.NTRL.RES..DEAD";-0,103191714029442
"2020";"ALTRIA.GROUP";0,0866289191972538
"2020";"PNC.FINL.SVS.GP.";0,306711772477258
"2020";"PPG.INDUSTRIES";0,283189516417612
"2020";"IPG.PHOTONICS";0,0881120211141913
"2020";"COSTCO.WHOLESALE";0,426264591176068
"2020";"T.ROWE.PRICE.GROUP";0,383725124229533
"2020";"QUEST.DIAGNOSTICS";0,281079023838855
"2020";"PROCTER...GAMBLE";0,374582255755868
"2020";"PROGRESSIVE.OHIO";0,210337383163831
"2020";"PUB.SER.ENTER.GP.";0,156078503546383
"2020";"PULTEGROUP";0,382919309987397
"2020";"GLOBAL.PAYMENTS";0,606901856210866
"2020";"QUALCOMM";0,474588114589906
"2020";"RAYMOND.JAMES.FINL.";0,157342171142369
"2020";"REALTY.INCOME";0,215224571168396
"2020";"REGENCY.CENTERS";0,105270780585043
"2020";"UDR";0,191726683290153
"2020";"REGENERON.PHARMS.";-0,104517559814078
"2020";"RESMED";0,313686870731532
"2020";"US.BANCORP";0,288734532654669
"2020";"ROSS.STORES";0,281843433479441
"2020";"ROLLINS";-0,06219026156994
"2020";"ROPER.TECHNOLOGIES";0,300773492367465
"2020";"ROCKWELL.AUTOMATION";0,274154606250897
"2020";"ROYAL.CARIBBEAN.GROUP";0,14463961159704
"2020";"RAYTHEON..B..DEAD";0,366215689846999
"2020";"BREAD.FINANCIAL.HOLDINGS";-0,353459586536765
"2020";"TRAVELERS.COS.";0,14076617635325
"2020";"FIDELITY.NAT.INFO.SVS.";0,323087417516695
"2020";"MERCK...COMPANY";0,185643869588799
"2020";"SLB";-0,0928026337027049
"2020";"CHARLES.SCHWAB";0,149773992560639
"2020";"ZIMMER.BIOMET.HDG.";0,393250226922275
"2020";"CENCORA";0,169512654621033
"2020";"PRINCIPAL.FINL.GP.";0,219794449461138
"2020";"SHERWIN.WILLIAMS";0,465380483582719
"2020";"CENTENE";0,00345937999027157
"2020";"SVB.FINANCIAL.GROUP.DEAD";0,0676591012856069
"2020";"SIMON.PROPERTY.GROUP";-0,0917574333141323
"2020";"SMITH..AO.";0,0399847172881707
"2020";"SNAP.ON";0,01000478082905
"2020";"PRUDENTIAL.FINL.";0,105845953725255
"2020";"ADV.AUTO.PARTS";-0,016488167696722
"2020";"EDISON.INTL.";0,238638122785736
"2020";"SOUTHERN";0,382273406146253
"2020";"SOUTHWEST.AIRLINES";0,181004462285709
"2020";"AT.T";0,263959958929879
"2020";"CHEVRON";0,079546180747045
"2020";"STATE.STREET";0,152161998768698
"2020";"STARBUCKS";0,352513675746138
"2020";"PUBLIC.STORAGE";0,0690353150750593
"2020";"STRYKER";0,278105086634358
"2020";"NETFLIX";-0,0821627921665437
"2020";"SYNOPSYS";0,543716785983891
"2020";"SYSCO";0,302949407964595
"2020";"INTUITIVE.SURGICAL";0,163074808991015
"2020";"TELEFLEX";0,380239191354379
"2020";"TEXAS.INSTRUMENTS";0,239616047815682
"2020";"TEXTRON";-0,0404938979667592
"2020";"THERMO.FISHER.SCIENTIFIC";0,306780148380329
"2020";"TIFFANY...CO.DEAD";0,585226647570868
"2020";"DAVITA";0,281994871135989
"2020";"TRACTOR.SUPPLY";0,138204291180726
"2020";"TYSON.FOODS..A.";0,580051934350885
"2020";"MARATHON.OIL.DEAD";-0,246643206365205
"2020";"UNION.PACIFIC";0,153802952696917
"2020";"RTX";0,347951771785315
"2020";"UNITEDHEALTH.GROUP";0,143784198587316
"2020";"UNIVERSAL.HEALTH.SVS..B.";0,115060546936709
"2020";"VARIAN.MEDICAL.SYSTEMS.DEAD";0,0702338353880771
"2020";"VENTAS";-0,00242191710217632
"2020";"V.F";0,330510034196796
"2020";"VERTEX.PHARMS.";0,173887825856432
"2020";"VULCAN.MATERIALS";0,407431863007411
"2020";"VORNADO.REALTY.TRUST";0,0125968299391259
"2020";"WALMART";0,277675156667228
"2020";"WASTE.MANAGEMENT";0,208918348950843
"2020";"WATERS";0,125465393932358
"2020";"J.M.SMUCKER";0,0685932179942605
"2020";"WESTERN.DIGITAL";0,24969528181775
"2020";"WABTEC";0,0626275908420051
"2020";"WEYERHAEUSER";0,256755431727393
"2020";"WHIRLPOOL";0,201634708854452
"2020";"SKYWORKS.SOLUTIONS";0,435057488550033
"2020";"WYNN.RESORTS";0,0860251416891322
"2020";"NASDAQ";0,314238245993431
"2020";"CME.GROUP";0,138551427938814
"2020";"WILLIAMS";-0,0593917750261858
"2020";"LKQ";0,34115354057994
"2020";"ALLIANT.ENERGY..XSC.";0,288116866576927
"2020";"CARMAX";0,48817523679909
"2020";"XILINX.DEAD";0,00640006072101151
"2020";"CIMAREX.EN..DEAD";-0,314897437376979
"2020";"TJX";0,294000820076765
"2020";"ZEBRA.TECHNOLOGIES..A.";0,534190666947508
"2020";"ZIONS.BANCORP.";0,156939173525696
"2020";"REGIONS.FINL.NEW";0,157067798016258
"2020";"EXTRA.SPACE.STRG.";0,195049970357825
"2020";"LAS.VEGAS.SANDS";0,143286885601041
"2020";"DIGITAL.REALTY.TST.";0,14892208921589
"2020";"MARKETAXESS.HOLDINGS";0,892117343590046
"2020";"CELANESE";0,346201983829292
"2020";"MOLSON.COORS.BEVERAGE.COMPANY.B";-0,169947751443282
"2020";"CF.INDUSTRIES.HDG.";0,0574074575399259
"2020";"AMERIPRISE.FINL.";0,472207022871169
"2020";"UNDER.ARMOUR.A";-0,0623433757702947
"2020";"LIVE.NATION.ENTM.";0,28982654270062
"2020";"CHIPOTLE.MEXN.GRILL";0,605486618174382
"2020";"TRANSDIGM.GROUP";0,684288032132441
"2020";"MASTERCARD";0,468292383166934
"2020";"HANESBRANDS.DEAD";0,150346352357677
"2020";"WESTERN.UNION";0,5814103411411
"2020";"BROADRIDGE.FINL.SLTN.";0,251786183882166
"2020";"PEOPLES.UNITED.FINANCIAL.DEAD";0,118588959196195
"2020";"DELTA.AIR.LINES";0,201423389362695
"2020";"DISCOVER.FINANCIAL.SVS..DEAD";0,372838776969562
"2020";"CONCHO.RESOURCES.DEAD";-0,386228562033632
"2020";"BANK.OF.NEW.YORK.MELLON";0,046803838081904
"2020";"ULTA.BEAUTY";-0,168174997070144
"2020";"INVESCO";0,0652221041621934
"2020";"MSCI";0,676417085381128
"2020";"PHILIP.MORRIS.INTL.";0,242147586967105
"2020";"VISA..A.";0,325439587299169
"2020";"AMERICAN.WATER.WORKS";0,350981069493274
"2020";"CHUBB";0,173411530439554
"2020";"WARNER.BROS.DISCOVERY.SERIES.A";0,206884148680782
"2020";"DISCOVERY.SERIES.C.DEAD";0,204939949853572
"2020";"MARATHON.PETROLEUM";-0,0240434172446824
"2020";"FORTUNE.BRANDS.INNOVATIONS";0,481335960025029
"2020";"MOSAIC";-0,396308055258675
"2020";"KINDER.MORGAN";0,189485241033743
"2020";"XYLEM";0,118082761511014
"2020";"STANLEY.BLACK...DECKER";0,178328259921153
"2020";"LYONDELLBASELL.INDS.CL.A";0,132351726998738
"2020";"PVH";-0,0842857309001652
"2020";"GARMIN";0,485289970213528
"2020";"HNTGTN.INGALLS.INDS.";0,306283585783408
"2020";"PROLOGIS.REIT";0,472621572985117
"2020";"ACCENTURE.CLASS.A";0,382495815566172
"2020";"HCA.HEALTHCARE";0,0861099261394775
"2020";"VERISK.ANALYTICS.CL.A";0,312170560984679
"2020";"UNITED.AIRLINES.HOLDINGS";0,144388757994501
"2020";"CORPAY";0,631460217372825
"2020";"RALPH.LAUREN.CL.A";0,0323806041780255
"2020";"FIRST.REPUBLIC.BANK";0,311612329022994
"2020";"CBOE.GLOBAL.MARKETS.BTS.";0,321041292649382
"2020";"SEAGATE.TECHNOLOGY.HOLDINGS";0,516591394455971
"2020";"DOLLAR.GENERAL";0,342364066258366
"2020";"FORTINET";0,419038359985017
"2020";"MOTOROLA.SOLUTIONS";0,439657682235017
"2020";"AON.CLASS.A";0,382066700693779
"2020";"HF.SINCLAIR";0,0128891747974031
"2020";"TE.CONNECTIVITY";0,180850620532
"2020";"TRANE.TECHNOLOGIES";0,379809718742286
"2020";"O.REILLY.AUTOMOTIVE";0,317911622641274
"2020";"GENERAL.MOTORS";-0,00522336190344574
"2020";"CBRE.GROUP.CLASS.A";0,328846007589267
"2020";"EXPEDIA.GROUP";-0,107350149824884
"2020";"APTIV";0,375431676693585
"2020";"PHILLIPS.66";0,277303217868284
"2020";"AMERICAN.TOWER";0,315680888796125
"2020";"META.PLATFORMS.A";0,389354762305201
"2020";"DUKE.ENERGY";0,0766322628213236
"2020";"DIAMONDBACK.ENERGY";-0,246474010086894
"2020";"SERVICENOW";0,446994292068547
"2020";"MONDELEZ.INTERNATIONAL.CL.A";0,27026236530838
"2020";"EATON";0,355468231335001
"2020";"ABBVIE";0,0415556636671472
"2020";"T.MOBILE.US";0,125047317896765
"2020";"ZOETIS.A";0,403032248883585
"2020";"NORWEGIAN.CRUISE.LINE.HDG.";0,15092399650567
"2020";"BATH.AND.BODY.WORKS";-0,273661331561629
"2020";"COTY.CL.A";0,671278081010541
"2020";"NEWS..A.";0,0679205810659889
"2020";"NEWS..B.";0,0708742686113386
"2020";"CDW";0,681773578784615
"2020";"AMERICAN.AIRLINES.GROUP";-0,106167153075046
"2020";"IHS.MARKIT.DEAD";0,448333668356308
"2020";"HOWMET.AEROSPACE";0,562294291979633
"2020";"WILLIS.TOWERS.WATSON";0,281670671139779
"2020";"UNDER.ARMOUR..C.";-0,0544558525130028
"2020";"BAKER.HUGHES.A";-0,0124607638485289
"2020";"LAMB.WESTON.HOLDINGS";0,223677357969911
"2020";"IQVIA.HOLDINGS";0,173223531875074
"2020";"BOOKING.HOLDINGS";0,131765551886591
"2020";"TECHNIPFMC";-0,145995190628218
"2020";"LEIDOS.HOLDINGS";0,642852027962463
"2020";"BROADCOM";0,274795144397785
"2020";"TAPESTRY";-0,262223624838181
"2020";"TWITTER.DEAD";-0,0744237162309348
"2020";"EVERGY";0,140367864306464
"2020";"ALLEGION";0,478174597038331
"2020";"INTERCONTINENTAL.EX.";0,288636063470262
"2020";"STERIS";0,380502844686386
"2020";"PERRIGO";0,13771472685794
"2020";"CIGNA";0,0117535753067073
"2020";"CAPRI.HOLDINGS";-0,0936332250900052
"2020";"HEALTHPEAK.PROPERTIES";0,219851293157274
"2020";"XEROX.HOLDINGS";0,780216584293071
"2020";"APARTMENT.INV...MAN..A.";0,226322085433387
"2020";"GEN.DIGITAL";0,276325550198559
"2020";"DUPONT.DE.NEMOURS";-0,159480065024507
"2020";"GLOBE.LIFE";0,287521435925457
"2020";"L3HARRIS.TECHNOLOGIES";0,441339316910131
"2020";"TRUIST.FINANCIAL";0,234845701691217
"2020";"PARAMOUNT.SKYDANCE.B";-0,160089778595528
"2020";"PAYCOM.SOFTWARE";1,11443010187269
"2020";"PENTAIR";0,103041253865317
"2020";"ARISTA.NETWORKS";-0,114743985553596
"2020";"SYNCHRONY.FINANCIAL";0,463792758327555
"2020";"CITIZENS.FINANCIAL.GROUP";0,21897223789507
"2020";"KEYSIGHT.TECHNOLOGIES";0,536669294101095
"2020";"QORVO";0,615203643359584
"2020";"ELEVANCE.HEALTH";0,129798840128169
"2020";"CROWN.CASTLE";0,252172663621843
"2020";"MEDTRONIC";0,329140744282592
"2020";"WALGREENS.BOOTS.ALLIANCE.DEAD";-0,147114504916793
"2020";"VIATRIS";-0,368530024280609
"2020";"IRON.MOUNTAIN";-0,0303953082541355
"2020";"EQUINIX.REIT";0,508615457386761
"2020";"EVERSOURCE.ENERGY";0,268497407112058
"2020";"NIELSEN.DEAD";-0,204274194443193
"2020";"JOHNSON.CONTROLS.INTL.";0,339234910486474
"2020";"ALLERGAN.DEAD";0,258133397820204
"2020";"DENTSPLY.SIRONA";0,397972422280334
"2020";"WESTROCK.DEAD";0,0351693987175039
"2020";"KRAFT.HEINZ";-0,282403059313699
"2020";"FORTIVE";0,0360440074307904
"2020";"S.P.GLOBAL";0,504133924990161
"2020";"HILTON.WORLDWIDE.HDG.";0,466203038691768
"2020";"ALPHABET..A.";0,211352665319907
"2020";"WELLTOWER";0,21619462022261
"2020";"HEWLETT.PACKARD.ENTER.";0,132660926242201
"2020";"PAYPAL.HOLDINGS";0,171635295774531
"2020";"HP";-0,0405965468842919
"2020";"DXC.TECHNOLOGY";-0,397923021299715
"2020";"ALPHABET..C.";0,220401221081914
"2020";"WEC.ENERGY.GROUP";0,296185550045241
"2020";"MONSTER.BEVERAGE";0,0999095208296483
"2020";"LINDE..NYS.";0,276285003659794
"2020";"SBA.COMMS.";0,37106153155032
"2020";"CHARTER.COMMS.CL.A";0,596178414848346
"2025";"AMAZON.COM";0,363123866799454
"2025";"ABBOTT.LABORATORIES";0,0414676623115799
"2025";"AES";-0,264731135456862
"2025";"INTERNATIONAL.BUS.MCHS.";0,421845993672516
"2025";"ADVANCED.MICRO.DEVICES";-0,0304692102707134
"2025";"ADOBE..NAS.";-0,134914045768424
"2025";"ALEXANDRIA.REAL.ESTATE.EQUITIES.REIT";-0,102500634754604
"2025";"AIR.PRDS...CHEMS.";0,295860069336137
"2025";"BXP";0,207376242411501
"2025";"ALLSTATE.ORD.SHS";0,381884758667739
"2025";"HONEYWELL.INTL.";0,167649162632605
"2025";"AMGEN";-0,0653089934849047
"2025";"HESS.DEAD";0,0473621053253812
"2025";"AMERICAN.EXPRESS";0,675501224188179
"2025";"AMER.ELEC.PWR.";0,254026125676909
"2025";"AFLAC";0,375925450941961
"2025";"AMERICAN.INTL.GP.";0,143802928836381
"2025";"ANALOG.DEVICES";0,199904289165599
"2025";"VALERO.ENERGY";0,0980047728155695
"2025";"COMCAST.A";0,0298788710002549
"2025";"ANSYS.DEAD";0,011619609993726
"2025";"APPLE";0,294756882391626
"2025";"APPLIED.MATS.";0,220060307466583
"2025";"ALBEMARLE";-0,106852265283945
"2025";"ARCHER.DANIELS.MIDLAND";-0,192256627882585
"2025";"PINNACLE.WEST.CAP.";0,356092847188102
"2025";"AMEREN";0,327539822584733
"2025";"AUTODESK";0,223877450744776
"2025";"AUTOMATIC.DATA.PROC.";0,318852457691815
"2025";"AUTOZONE";0,236135454579576
"2025";"AVERY.DENNISON";0,0580795093989621
"2025";"BALL";0,128218209197173
"2025";"BERKSHIRE.HATHAWAY..B.";0,312670752989826
"2025";"BAXTER.INTL.";-0,137279596161607
"2025";"BECTON.DICKINSON";-0,045284121676239
"2025";"AMETEK";0,20266745555923
"2025";"VERIZON.COMMUNICATIONS";0,192821816335509
"2025";"W.R.BERKLEY";0,330586310313681
"2025";"BEST.BUY";0,270061557622594
"2025";"YUM..BRANDS";0,0983005717875245
"2025";"FIRSTENERGY";0,131032648038307
"2025";"BOEING";-0,280658306184019
"2025";"BORGWARNER";0,0600234722172768
"2025";"BOSTON.SCIENTIFIC";0,509858045954491
"2025";"CH.ROBINSON.WWD.";0,248836256197582
"2025";"TAKE.TWO.INTACT.SFTW.";0,162206358695861
"2025";"METTLER.TOLEDO.INTL.";0,0651891333914791
"2025";"BRISTOL.MYERS.SQUIBB";0,237510731537432
"2025";"ONEOK";0,641493523201441
"2025";"AVALONBAY.COMMNS.";0,296742754830772
"2025";"UNITED.RENTALS";0,546979240085697
"2025";"SEMPRA";0,251682549434447
"2025";"FEDEX";0,211748905419054
"2025";"VERISIGN";-0,0564644485719404
"2025";"AMPHENOL..A.";0,523993300956289
"2025";"BROWN.FORMAN..B.";-0,233401111623564
"2025";"QUANTA.SERVICES";0,692785432106134
"2025";"CSX";0,0558225487528168
"2025";"COTERRA.ENERGY";0,053585109302132
"2025";"THE.CAMPBELL.S.COMPANY";0,0916001509211126
"2025";"CAMDEN.PROPERTY.TST.";0,285748945447844
"2025";"CONSTELLATION.BRANDS..A.";-0,0648039812777395
"2025";"CARDINAL.HEALTH";0,174265989531242
"2025";"CATERPILLAR";0,408754259092245
"2025";"JP.MORGAN.CHASE...CO.";0,481614600191625
"2025";"CHURCH...DWIGHT.CO.";0,151139969504632
"2025";"CINCINNATI.FINL.";0,49698825287704
"2025";"CINTAS";0,512716905977542
"2025";"CISCO.SYSTEMS";0,208970464180839
"2025";"CLOROX";0,200709401793725
"2025";"COCA.COLA";0,0862195528895282
"2025";"COPART";0,303617688043123
"2025";"COLGATE.PALM.";0,226334649639535
"2025";"MARRIOTT.INTL..A.";0,281920282499812
"2025";"MOLINA.HEALTHCARE";-0,207029396431187
"2025";"NRG.ENERGY";1,00555258015581
"2025";"CONAGRA.BRANDS";0,00610940089004064
"2025";"CONSOLIDATED.EDISON";0,114060572077619
"2025";"CMS.ENERGY";0,216959156177985
"2025";"CORNING";0,655941356220948
"2025";"CUMMINS";0,628251110017701
"2025";"D.R.HORTON";0,0981451228487704
"2025";"DANAHER";0,0750401021194378
"2025";"MOODY.S";0,320102860211585
"2025";"COGNIZANT.TECH.SLTN..A.";0,0527837004076217
"2025";"TARGET";-0,0432069511329815
"2025";"DEERE";0,210289159037709
"2025";"MORGAN.STANLEY";0,51389364235778
"2025";"REPUBLIC.SVS..A.";0,305524681927472
"2025";"COSTAR.GP.";-0,0400529225050062
"2025";"DECKERS.OUTDOOR";0,714202201537972
"2025";"WALT.DISNEY";0,30249867828068
"2025";"DOLLAR.TREE";-0,463634229774835
"2025";"DOVER";0,406381221058214
"2025";"OMNICOM.GROUP";0,209174403177316
"2025";"DTE.ENERGY";0,166660537243942
"2025";"DARDEN.RESTAURANTS";0,12484126582975
"2025";"EBAY";0,561113530943316
"2025";"BANK.OF.AMERICA";0,462287971053762
"2025";"CITIGROUP";0,408031784686525
"2025";"EASTMAN.CHEMICAL";0,229100501872973
"2025";"CADENCE.DESIGN.SYS.";0,154521827193143
"2025";"ECOLAB";0,258424254042423
"2025";"REVVITY";0,056371321080958
"2025";"ELECTRONIC.ARTS";0,209817792413865
"2025";"SALESFORCE";0,222321804531758
"2025";"ERIE.INDEMNITY..A.";0,292567426022542
"2025";"EMERSON.ELECTRIC";0,436522934874035
"2025";"ATMOS.ENERGY";0,317240267973739
"2025";"ESSEX.PROPERTY.TST.";0,25433442888225
"2025";"ENTERGY";0,545748043449374
"2025";"EOG.RES.";0,164049823376603
"2025";"EQUIFAX";0,0686458062169917
"2025";"EQUITY.RESD.TST.PROPS..SHBI";0,246726324903647
"2025";"EQT";0,197909409407216
"2025";"ESTEE.LAUDER.COS..A.";-0,424238258079826
"2025";"EXPEDITORS.INTL.OF.WASH..A";-0,0298341860538681
"2025";"EXXON.MOBIL";0,218314798884625
"2025";"FMC";0,049493909279817
"2025";"NEXTERA.ENERGY";0,29954716458237
"2025";"FACTSET.RESEARCH.SYS.";0,0597682754982805
"2025";"FAIR.ISAAC";0,893259007841328
"2025";"ASSURANT";0,387761628215152
"2025";"FASTENAL";0,330684536897204
"2025";"FIFTH.THIRD.BANCORP";0,423615763373475
"2025";"M.T.BANK";0,675772280934423
"2025";"FISERV";0,596078900256852
"2025";"FRANKLIN.RESOURCES";-0,172045750705432
"2025";"FREEPORT.MCMORAN";0,0753913182969261
"2025";"ARTHUR.J.GALLAGHER";0,321423694802206
"2025";"GENERAL.DYNAMICS";0,106887223172559
"2025";"GENERAL.MILLS";0,0856040445119703
"2025";"GENUINE.PARTS";-0,0617928621783326
"2025";"GILEAD.SCIENCES";0,123471833747883
"2025";"GARTNER..A.";0,138355747955511
"2025";"MCKESSON";0,284529705583703
"2025";"NVIDIA";1,53429649034222
"2025";"WW.GRAINGER";0,429177731517826
"2025";"HALLIBURTON";-0,0691291802816409
"2025";"GOLDMAN.SACHS.GP.";0,631786850163594
"2025";"HASBRO";0,395295771471211
"2025";"HENRY.SCHEIN";0,0372844978487745
"2025";"HERSHEY";-0,0399139204331147
"2025";"F5";0,431219936359842
"2025";"JUNIPER.NETWORKS.DEAD";-0,0278345936170442
"2025";"HOLOGIC.DEAD";0,0858478697982477
"2025";"HOME.DEPOT";0,22938793986176
"2025";"HORMEL.FOODS";0,0379235525331791
"2025";"CENTERPOINT.EN.";0,151320705146425
"2025";"LENNOX.INTL.";0,559213997529796
"2025";"HUMANA";-0,326613950444458
"2025";"HUNT.JB.TRANSPORT.SVS.";-0,00557275898463894
"2025";"HUNTINGTON.BCSH.";0,469665947877959
"2025";"BIOGEN";-0,338101398076033
"2025";"IDEX";0,131828737332665
"2025";"ILLINOIS.TOOL.WORKS";0,116669279888253
"2025";"INTUIT";0,0413046911272603
"2025";"IDEXX.LABORATORIES";-0,195431426096901
"2025";"INTEL";-0,485574133561334
"2025";"INTL.FLAVORS...FRAG.";0,152982270683821
"2025";"INTERNATIONAL.PAPER";0,618012751624127
"2025";"INTERPUBLIC.GROUP.DEAD";-0,0174392856708963
"2025";"JACK.HENRY.AND.ASSOCIATES";0,0619577866154499
"2025";"JABIL";0,0579802792246591
"2025";"INCYTE";0,168006153154667
"2025";"JOHNSON...JOHNSON";-0,0161600066630642
"2025";"HARTFORD.INSURANCE.GROUP";0,502408385871751
"2025";"KLA";0,197956519932588
"2025";"DEVON.ENERGY";-0,0955546231255342
"2025";"KELLANOVA.DEAD";0,505622078147492
"2025";"KEYCORP";0,40336775762492
"2025";"KIMCO.REALTY";0,267310231252974
"2025";"KIMBERLY.CLARK";0,154193610848433
"2025";"KROGER";0,337220338483399
"2025";"TELEDYNE.TECHS.";0,0897726698884425
"2025";"PACKAGING.CORP.OF.AM.";0,502314635329654
"2025";"AKAMAI.TECHS.";-0,171194062418074
"2025";"LENNAR.A.A";0,157776731795759
"2025";"ELI.LILLY";0,25218451236163
"2025";"UNITED.PARCEL.SER..B.";-0,113624936745741
"2025";"AGILENT.TECHS.";0,0749294483236234
"2025";"LOCKHEED.MARTIN";0,153193991427101
"2025";"LOEWS";0,215747618618033
"2025";"CARNIVAL";0,532025455710593
"2025";"LOWE.S.COMPANIES";0,266131857657468
"2025";"DOMINION.ENERGY";0,273266439155534
"2025";"MGM.RESORTS.INTL.";-0,0962215312973512
"2025";"MCCORMICK...COMPANY.NV.";0,201418375892505
"2025";"MCDONALDS";0,0202536330889085
"2025";"EVEREST.GROUP";0,0574599493631758
"2025";"EDWARDS.LIFESCIENCES";-0,0480118760629024
"2025";"HOST.HOTELS...RESORTS.REIT";-0,0381765713608339
"2025";"MARSH";0,207084105155361
"2025";"MASCO";0,214147866511287
"2025";"MARTIN.MRTA.MATS.";0,202764947834349
"2025";"METLIFE";0,300922010959198
"2025";"CVS.HEALTH";-0,19653483294609
"2025";"ON.SEMICONDUCTOR";0,00721966190194334
"2025";"MICROSOFT";0,116872070099848
"2025";"MICRON.TECHNOLOGY";0,198604917681991
"2025";"MID.AMER.APT.COMMUNITIES";0,250215144107101
"2025";"MICROCHIP.TECH.";-0,157905566735359
"2025";"X3M";0,520871073211587
"2025";"MOHAWK.INDUSTRIES";0,338706429317081
"2025";"CHAS.RVR.LABS.INTL.";-0,0480536594053912
"2025";"XCEL.ENERGY";0,194918035329817
"2025";"FORD.MOTOR";0,0248084935713719
"2025";"NETAPP";0,440574241694016
"2025";"NEWMONT";0,113758475453666
"2025";"NVR";0,273466137106193
"2025";"NIKE..B.";-0,233830971236411
"2025";"NORDSON";0,0374503038762433
"2025";"NORFOLK.SOUTHERN";0,214038299997962
"2025";"NISOURCE";0,4474742010019
"2025";"NORTHERN.TRUST";0,346372012127604
"2025";"NORTHROP.GRUMMAN";0,0245774817401287
"2025";"WELLS.FARGO...CO";0,630413585752694
"2025";"NUCOR";-0,065621570680747
"2025";"CAPITAL.ONE.FINL.";0,492902722896878
"2025";"OCCIDENTAL.PTL.";-0,121937665083076
"2025";"OLD.DOMINION.FGT.LINES";0,161487902469647
"2025";"ORACLE";0,716917185722971
"2025";"PACCAR";0,249257925584208
"2025";"EXELON";0,108489770517748
"2025";"PARKER.HANNIFIN";0,538358444341894
"2025";"PAYCHEX";0,251765000421635
"2025";"ALIGN.TECHNOLOGY";-0,138354495678822
"2025";"PPL";0,305817741597426
"2025";"PEPSICO";-0,00204681359046521
"2025";"PFIZER";-0,0448243408466718
"2025";"CONOCOPHILLIPS";-0,0233973799952288
"2025";"PG.E";0,175786246043126
"2025";"ALTRIA.GROUP";0,474164965923582
"2025";"PNC.FINL.SVS.GP.";0,459961320217956
"2025";"BROWN...BROWN";0,507105278186144
"2025";"PPG.INDUSTRIES";-0,115663057586119
"2025";"COSTCO.WHOLESALE";0,435318565914778
"2025";"T.ROWE.PRICE.GROUP";0,157488006188296
"2025";"QUEST.DIAGNOSTICS";0,218150759592884
"2025";"PROCTER...GAMBLE";0,222536904019317
"2025";"PROGRESSIVE.OHIO";0,573687375496443
"2025";"PUB.SER.ENTER.GP.";0,567155903507777
"2025";"PULTEGROUP";0,295481425135228
"2025";"GLOBAL.PAYMENTS";-0,0871804587261632
"2025";"QUALCOMM";0,178903168680532
"2025";"RAYMOND.JAMES.FINL.";0,545593433335714
"2025";"REALTY.INCOME";0,0131720308732164
"2025";"REGENCY.CENTERS";0,201383581295413
"2025";"UDR";0,210728479468475
"2025";"REGENERON.PHARMS.";-0,182974116957883
"2025";"RESMED";0,421380520657298
"2025";"US.BANCORP";0,295661668626692
"2025";"ARCH.CAP.GP.";0,344602543600135
"2025";"ROSS.STORES";0,15327347061188
"2025";"ROLLINS";0,155055716738989
"2025";"ROPER.TECHNOLOGIES";0,0695288884156131
"2025";"ROCKWELL.AUTOMATION";-0,00641477584126604
"2025";"ROYAL.CARIBBEAN.GROUP";1,03716567905928
"2025";"TRAVELERS.COS.";0,366028483832682
"2025";"FIDELITY.NAT.INFO.SVS.";0,396936436729273
"2025";"MERCK...COMPANY";-0,135882548872187
"2025";"SLB";-0,109418354123469
"2025";"CHARLES.SCHWAB";0,265963166072289
"2025";"POOL";-0,00241644772951277
"2025";"ZIMMER.BIOMET.HDG.";-0,0965503610972809
"2025";"CENCORA";0,149304189648193
"2025";"PRINCIPAL.FINL.GP.";0,123543227362921
"2025";"SHERWIN.WILLIAMS";0,318923142509126
"2025";"CENTENE";-0,237289934003441
"2025";"SIMON.PROPERTY.GROUP";0,285352718717643
"2025";"SMITH..AO.";-0,0652126217790495
"2025";"SNAP.ON";0,327031419820875
"2025";"PRUDENTIAL.FINL.";0,30099705821619
"2025";"EDISON.INTL.";0,239584492703411
"2025";"SOUTHERN";0,273706170597904
"2025";"SOUTHWEST.AIRLINES";0,176371223019439
"2025";"AT.T";0,43989800484991
"2025";"CHEVRON";0,148980962139953
"2025";"STATE.STREET";0,316307972573678
"2025";"STARBUCKS";0,132026119256549
"2025";"STEEL.DYNAMICS";0,292307963163526
"2025";"PUBLIC.STORAGE";0,201246284040777
"2025";"STRYKER";0,254226435682129
"2025";"NETFLIX";0,82377324939201
"2025";"SYNOPSYS";0,144659184340096
"2025";"SYSCO";0,0273043359601197
"2025";"INTUITIVE.SURGICAL";0,491520370729767
"2025";"TELEFLEX";-0,21505433495018
"2025";"TERADYNE..XSC.";0,0840446395163987
"2025";"TEXAS.INSTRUMENTS";0,258769903237283
"2025";"TEXTRON";0,0767599625637341
"2025";"THERMO.FISHER.SCIENTIFIC";-0,0247699483268069
"2025";"DAVITA";0,500349485490022
"2025";"TRACTOR.SUPPLY";0,31889961111907
"2025";"TRIMBLE";0,425631134290699
"2025";"TYLER.TECHNOLOGIES";0,45884768490363
"2025";"TYSON.FOODS..A.";0,211132795632083
"2025";"UNION.PACIFIC";0,0284551602491316
"2025";"UNITEDHEALTH.GROUP";0,180109936807367
"2025";"UNIVERSAL.HEALTH.SVS..B.";0,271629469148777
"2025";"VENTAS";0,300880694030713
"2025";"VERTEX.PHARMS.";0,0740933010809381
"2025";"VULCAN.MATERIALS";0,290296924766158
"2025";"WALMART";0,73985953013791
"2025";"WASTE.MANAGEMENT";0,254211984348686
"2025";"WATERS";0,257983433567373
"2025";"WEST.PHARM.SVS.";-0,0680532103977757
"2025";"J.M.SMUCKER";-0,0422745954383182
"2025";"WESTERN.DIGITAL";0,467932130341833
"2025";"WABTEC";0,569061557176376
"2025";"WEYERHAEUSER";-0,0204014209775656
"2025";"SKYWORKS.SOLUTIONS";-0,119244886160633
"2025";"WYNN.RESORTS";0,0329542420215401
"2025";"NASDAQ";0,450031447204899
"2025";"CME.GROUP";0,212175719443679
"2025";"WILLIAMS";0,675710746116479
"2025";"LKQ";-0,141006506009709
"2025";"ALLIANT.ENERGY..XSC.";0,281263399846719
"2025";"CARMAX";0,194743864085281
"2025";"TJX";0,346837734914709
"2025";"ZEBRA.TECHNOLOGIES..A.";0,647610977690861
"2025";"REGIONS.FINL.NEW";0,519562063633855
"2025";"DOMINO.S.PIZZA";0,145195309199784
"2025";"MONOLITHIC.PWR.SYS.";0,00724432559533961
"2025";"EXTRA.SPACE.STRG.";0,149749689735119
"2025";"LAS.VEGAS.SANDS";0,128053377792123
"2025";"DIGITAL.REALTY.TST.";0,436446678624139
"2025";"MARKETAXESS.HOLDINGS";-0,00656025379351666
"2025";"CELANESE";-0,486577030596828
"2025";"MOLSON.COORS.BEVERAGE.COMPANY.B";0,00133264894940677
"2025";"DEXCOM";-0,365583750097985
"2025";"BUILDERS.FIRSTSOURCE";0,104521177531911
"2025";"CF.INDUSTRIES.HDG.";0,208109131231714
"2025";"AMERIPRISE.FINL.";0,522022039214114
"2025";"LIVE.NATION.ENTM.";0,519996573476381
"2025";"CHIPOTLE.MEXN.GRILL";0,332486332677691
"2025";"TRANSDIGM.GROUP";0,287089358662503
"2025";"MASTERCARD";0,243581491107127
"2025";"FIRST.SOLAR";0,297120083165329
"2025";"BROADRIDGE.FINL.SLTN.";0,170317382488966
"2025";"DELTA.AIR.LINES";0,667600011558674
"2025";"INSULET";0,328535313659688
"2025";"DISCOVER.FINANCIAL.SVS..DEAD";0,678896576778649
"2025";"BANK.OF.NEW.YORK.MELLON";0,520612616836955
"2025";"LULULEMON.ATHLETICA";-0,302401042924252
"2025";"ULTA.BEAUTY";-0,182799279766276
"2025";"INVESCO";0,0996748027243666
"2025";"MSCI";0,12979641345029
"2025";"PHILIP.MORRIS.INTL.";0,428991420189922
"2025";"VISA..A.";0,208624426534937
"2025";"AMERICAN.WATER.WORKS";0,0496659309074077
"2025";"CHUBB";0,286448205115752
"2025";"MARATHON.PETROLEUM";0,0199248315424008
"2025";"MOSAIC";-0,139582968636387
"2025";"KINDER.MORGAN";0,616735052215696
"2025";"XYLEM";0,148933937142941
"2025";"STANLEY.BLACK...DECKER";-0,0335203208240378
"2025";"LYONDELLBASELL.INDS.CL.A";-0,0808878063321482
"2025";"GARMIN";0,746987304200002
"2025";"HNTGTN.INGALLS.INDS.";-0,218607045342801
"2025";"PROLOGIS.REIT";-0,0988954613361024
"2025";"EPAM.SYSTEMS";-0,207775266562325
"2025";"ACCENTURE.CLASS.A";0,0301294825043732
"2025";"HCA.HEALTHCARE";0,167387871746452
"2025";"VERISK.ANALYTICS.CL.A";0,242273103024928
"2025";"UNITED.AIRLINES.HOLDINGS";1,44779526114625
"2025";"RALPH.LAUREN.CL.A";0,713324108003541
"2025";"NXP.SEMICONDUCTORS";0,131330044060725
"2025";"TARGA.RESOURCES";1,37264747919299
"2025";"CBOE.GLOBAL.MARKETS.BTS.";0,187375989893876
"2025";"DOLLAR.GENERAL";-0,413525321252145
"2025";"FORTINET";0,526373581672354
"2025";"MOTOROLA.SOLUTIONS";0,581479498033081
"2025";"TESLA";0,630866790206773
"2025";"GENERAC.HOLDINGS";0,517589372379735
"2025";"O.REILLY.AUTOMOTIVE";0,308454125643572
"2025";"ENPHASE.ENERGY";-0,318500922108358
"2025";"GENERAL.MOTORS";0,574542154995373
"2025";"CBRE.GROUP.CLASS.A";0,622396825945701
"2025";"EXPEDIA.GROUP";0,245301519711232
"2025";"PHILLIPS.66";0,0602181154953385
"2025";"AMERICAN.TOWER";0,01492754491318
"2025";"META.PLATFORMS.A";0,588624715468838
"2025";"DUKE.ENERGY";0,21733924181029
"2025";"DIAMONDBACK.ENERGY";0,194059828847087
"2025";"SERVICENOW";0,438077624969681
"2025";"PALO.ALTO.NETWORKS";0,199555033342093
"2025";"MONDELEZ.INTERNATIONAL.CL.A";-0,0911444338568537
"2025";"WORKDAY.CLASS.A";-0,112506944875224
"2025";"EATON";0,55662792586699
"2025";"ABBVIE";0,148932615765438
"2025";"T.MOBILE.US";0,528440532417443
"2025";"PTC";0,158846144432153
"2025";"ZOETIS.A";-0,10306090839107
"2025";"NORWEGIAN.CRUISE.LINE.HDG.";0,691652093653597
"2025";"NEWS..A.";0,223413745104446
"2025";"NEWS..B.";0,28120676051807
"2025";"CDW";-0,166130259775335
"2025";"KEURIG.DR.PEPPER";0,0399019658578472
"2025";"INVITATION.HOMES";0,0274392345189174
"2025";"WILLIS.TOWERS.WATSON";0,303681506289075
"2025";"HUBBELL";0,413137946389583
"2025";"BAKER.HUGHES.A";0,421379857948212
"2025";"LAMB.WESTON.HOLDINGS";-0,254874698416297
"2025";"IQVIA.HOLDINGS";-0,0567391800393161
"2025";"BOOKING.HOLDINGS";0,502264564801421
"2025";"AXON.ENTERPRISE";1,53905265449619
"2025";"LEIDOS.HOLDINGS";0,501346990606987
"2025";"BROADCOM";0,519041034948035
"2025";"TAPESTRY";0,821120974046412
"2025";"EVERGY";0,234828493453302
"2025";"ALLEGION";0,184914380641305
"2025";"INTERCONTINENTAL.EX.";0,259306621669735
"2025";"DAYFORCE.DEAD";0,245755061874122
"2025";"STERIS";-0,0106056916731775
"2025";"KKR.AND.CO..ORD..SHS.";0,964253227814478
"2025";"MODERNA";-0,582007016317767
"2025";"CIGNA";0,118475630634378
"2025";"DELL.TECHNOLOGIES.C";0,611000063093489
"2025";"DOW.ORD.SHS";-0,123376170738075
"2025";"AMCOR";0,139500124975603
"2025";"HEALTHPEAK.PROPERTIES";0,105228983639627
"2025";"FOX.A";0,525699700963258
"2025";"FOX.B";0,57122340022522
"2025";"CROWDSTRIKE.HOLDINGS.A";0,224168494659243
"2025";"GEN.DIGITAL";0,365973302624112
"2025";"DUPONT.DE.NEMOURS";0,130424744338165
"2025";"CARRIER.GLOBAL";0,370646066791613
"2025";"OTIS.WORLDWIDE";0,199488778558425
"2025";"UBER.TECHNOLOGIES";0,156579576256503
"2025";"GLOBE.LIFE";-0,0775426566017866
"2025";"CORTEVA";0,365519386446966
"2025";"MATCH.GROUP";-0,0999163342849625
"2025";"L3HARRIS.TECHNOLOGIES";0,192710561205491
"2025";"TRANE.TECHNOLOGIES";0,699496487401079
"2025";"BLACKSTONE";0,60819246433069
"2025";"HOWMET.AEROSPACE";1,12495062659055
"2025";"TRUIST.FINANCIAL";0,347272679001497
"2025";"PARAMOUNT.SKYDANCE.B";-0,164628921897364
"2025";"SEAGATE.TECHNOLOGY.HOLDINGS";0,273094622500042
"2025";"GE.AEROSPACE";0,751552031819602
"2025";"INGERSOLL.RAND";0,359189240907364
"2025";"GE.HEALTHCARE.TECHNOLOGIES";0,0921788784985429
"2025";"PAYCOM.SOFTWARE";0,184887294880872
"2025";"ARISTA.NETWORKS";0,62723247115439
"2025";"AON.CLASS.A";0,303228939966107
"2025";"PENTAIR";0,555915850839083
"2025";"RTX";0,406867411866968
"2025";"WARNER.BROS.DISCOVERY.SERIES.A";-0,0094532690601461
"2025";"TEXAS.PACIFIC.LAND.TRUST";2,00168626851562
"2025";"AIRBNB.A";0,00172966917164508
"2025";"CONSTELLATION.ENERGY";1,22601115282738
"2025";"VIATRIS";0,176221105067437
"2025";"CAESARS.ENTERTAINMENT";-0,120865279787553
"2025";"CORPAY";0,349138536520311
"2025";"BLACKROCK";0,300565187650694
"2025";"APOLLO.GLOBAL.MANAGEMENT";0,834456995603533
"2025";"PALANTIR.TECHNOLOGIES.A";2,9616300001384
"2025";"FEDERAL.REALTY.INV.TST.";0,145841782820705
"2025";"JACOBS.SOLUTIONS";0,270850013812721
"2025";"APA";-0,28958988949682
"2025";"LINDE..NYS.";0,134692444509421
"2025";"SYNCHRONY.FINANCIAL";0,867619152387869
"2025";"BUNGE.GLOBAL";-0,0369905566080998
"2025";"COOPER.COS.";0,0734916928714111
"2025";"CITIZENS.FINANCIAL.GROUP";0,554532587300436
"2025";"KEYSIGHT.TECHNOLOGIES";0,129683562512748
"2025";"SUPER.MICRO.COMPUTER";0,236848126418009
"2025";"TE.CONNECTIVITY";0,187726894267789
"2025";"SMURFIT.WESTROCK";0,498761222295771
"2025";"LABCORP.HOLDINGS";0,090763404812281
"2025";"BIO.TECHNE";0,0582095189460419
"2025";"LAM.RESEARCH";0,0397432614251843
"2025";"ELEVANCE.HEALTH";-0,128282356509302
"2025";"APTIV";-0,307364189438883
"2025";"CROWN.CASTLE";-0,0239010438000125
"2025";"MEDTRONIC";0,0150514169888807
"2025";"WALGREENS.BOOTS.ALLIANCE.DEAD";-0,583005610099735
"2025";"IRON.MOUNTAIN";0,848038061335048
"2025";"EQUINIX.REIT";0,208550370628748
"2025";"EVERSOURCE.ENERGY";0,158477672865861
"2025";"GODADDY.CL.A";0,888341718089766
"2025";"JOHNSON.CONTROLS.INTL.";0,509667342465201
"2025";"KRAFT.HEINZ";-0,120106156141788
"2025";"FORTIVE";0,103178023533832
"2025";"S.P.GLOBAL";0,205746434711291
"2025";"HILTON.WORLDWIDE.HDG.";0,37848847336695
"2025";"ALPHABET..A.";0,20505167985818
"2025";"WELLTOWER";0,490835596192904
"2025";"HEWLETT.PACKARD.ENTER.";0,365303002162835
"2025";"PAYPAL.HOLDINGS";0,417829127921778
"2025";"VICI.PPTYS";0,0792296513961561
"2025";"HP";0,252245043945233
"2025";"ALPHABET..C.";0,202291114686065
"2025";"WEC.ENERGY.GROUP";0,251099373282654
"2025";"MONSTER.BEVERAGE";-0,0685455550232402
"2025";"SBA.COMMS.";-0,053736294309787
"2025";"CHARTER.COMMS.CL.A";0,0817171324803929
"2025";"VISTRA";2,96249209112808
