"Jahr";"Aktie";"Volatilitat"
"2010";"X3M";0,249533468132885
"2010";"AES";0,476268232761824
"2010";"AFLAC";0,534256163749515
"2010";"AK.STEEL.HLDG..DEAD";0,765532506506872
"2010";"AT.T";0,268720678432009
"2010";"ABBOTT.LABORATORIES";0,222712274648317
"2010";"ABERCROMBIE...FITCH..A.";0,461153351357055
"2010";"ADOBE..NAS.";0,394170270193524
"2010";"ADVANCED.MICRO.DEVICES";0,60993649201334
"2010";"AETNA.DEAD";0,428465717766843
"2010";"AFFILIATED.CMP.SVS..A..DEAD";0,28900681507174
"2010";"AGILENT.TECHS.";0,349605351501448
"2010";"AIR.PRDS...CHEMS.";0,321569313744084
"2010";"AIRGAS.DEAD";0,401682953266472
"2010";"AKAMAI.TECHS.";0,541190576522755
"2010";"HOWMET.AEROSPACE";0,523989980439938
"2010";"ALLEGHENY.EN..DEAD";0,323769582268048
"2010";"ATI";0,606467510516153
"2010";"ALLERGAN.DEAD...20";0,312717241338581
"2010";"ALLSTATE.ORD.SHS";0,436796715733963
"2010";"ALTERA.DEAD";0,366420276882954
"2010";"ALTRIA.GROUP";0,228116764579541
"2010";"AMAZON.COM";0,494829224175383
"2010";"AMEREN";0,254359830747753
"2010";"AMER.ELEC.PWR.";0,252230009173485
"2010";"AMERICAN.EXPRESS";0,491014287283983
"2010";"AMERICAN.INTL.GP.";1,00603026747794
"2010";"AMERICAN.TOWER";0,349421273462251
"2010";"AMERIPRISE.FINL.";0,595310460602024
"2010";"CENCORA";0,262502351202284
"2010";"AMGEN";0,298635969432927
"2010";"AMPHENOL..A.";0,380831338346191
"2010";"ANADARKO.PETROLEUM.DEAD";0,453895826384157
"2010";"ANALOG.DEVICES";0,339393670063356
"2010";"AON.CLASS.A";0,292346638555371
"2010";"APA";0,429189545416455
"2010";"APARTMENT.INV...MAN..A.";0,615818270761078
"2010";"APOLLO.EDUCATION.GP..A..DEAD";0,45056641957945
"2010";"APPLE";0,417166323779168
"2010";"APPLIED.MATS.";0,376072076686778
"2010";"ARCHER.DANIELS.MIDLAND";0,417644006840869
"2010";"ASSURANT";0,458582473711131
"2010";"AUTONATION";0,468234730977126
"2010";"AUTOZONE";0,309136239111944
"2010";"AUTODESK";0,433304810965556
"2010";"AUTOMATIC.DATA.PROC.";0,242182478789927
"2010";"AVALONBAY.COMMNS.";0,488972792757943
"2010";"AVERY.DENNISON";0,319369444521779
"2010";"AVON.PRODUCTS.DEAD";0,361347026221751
"2010";"TRUIST.FINANCIAL";0,49796428158693
"2010";"BJ.SVS..DEAD";0,484758451475533
"2010";"BMC.SOFTWARE.DEAD";0,330677048438964
"2010";"BAKER.HUGHES.A";0,456719561473756
"2010";"BALL";0,297979412343352
"2010";"BANK.OF.AMERICA";0,710532623832106
"2010";"C.R.BARD.DEAD";0,220262512532125
"2010";"BAXTER.INTL.";0,230272466129462
"2010";"BECTON.DICKINSON";0,22388065112636
"2010";"BED.BATH...BEYOND.DEAD";0,366669178301276
"2010";"BEMIS.DEAD";0,286068505617074
"2010";"BEST.BUY";0,399638406631264
"2010";"BIG.LOTS..OTC.";0,509973161505565
"2010";"BIOGEN";0,418963756945449
"2010";"BLACK...DECKER.DEAD";0,38933289834613
"2010";"H.R.BLOCK";0,352760704641787
"2010";"BOEING";0,320729889360034
"2010";"BXP";0,506993912388324
"2010";"BOSTON.SCIENTIFIC";0,410812007209922
"2010";"BRISTOL.MYERS.SQUIBB";0,263698753681501
"2010";"BROADCOM..A..DEAD";0,470904379698764
"2010";"BROWN.FORMAN..B.";0,258309021147125
"2010";"BURL.NTHN.SANTA.FE.C.DEAD";0,335579158438112
"2010";"CA.DEAD";0,323644032373783
"2010";"CBRE.GROUP.CLASS.A";0,866678026818693
"2010";"PARAMOUNT.SKYDANCE.B";0,507517647113296
"2010";"CF.INDUSTRIES.HDG.";0,600141309025407
"2010";"CH.ROBINSON.WWD.";0,374572984888962
"2010";"CIGNA";0,480049998680901
"2010";"CMS.ENERGY";0,264563942838662
"2010";"CNX.RESOURCES";0,640248115289359
"2010";"CSX";0,395883924678608
"2010";"CVS.HEALTH";0,313898456436829
"2010";"COTERRA.ENERGY";0,517613329306021
"2010";"CAMERON.INTERNATIONAL.DEAD";0,477655508232226
"2010";"THE.CAMPBELL.S.COMPANY";0,203312735372185
"2010";"CAPITAL.ONE.FINL.";0,649762655331472
"2010";"CARDINAL.HEALTH";0,269629323802563
"2010";"CARNIVAL";0,398616011234143
"2010";"CATERPILLAR";0,375550115680338
"2010";"CELGENE.DEAD";0,421240601161385
"2010";"CENTERPOINT.EN.";0,274437007785733
"2010";"LUMEN.TECHNOLOGIES";0,298282063776937
"2010";"CEPHALON.DEAD";0,295698407539549
"2010";"CHESAPEAKE.ENERGY.DEAD";0,554190664248969
"2010";"CHEVRON";0,322457854934918
"2010";"CME.GROUP";0,504034934243719
"2010";"CHUBB.DEAD";0,332306452025176
"2010";"CINCINNATI.FINL.";0,373753941825964
"2010";"CINTAS";0,28961184636825
"2010";"CISCO.SYSTEMS";0,328480932946692
"2010";"CITIGROUP";0,771855626753211
"2010";"CITRIX.SYS..DEAD";0,390272546365479
"2010";"CLEVELAND.CLIFFS";0,739510001104672
"2010";"CLOROX";0,201937066826589
"2010";"TAPESTRY";0,459245539464453
"2010";"COCA.COLA";0,207601335310764
"2010";"COCA.COLA.EUROPACIFIC.PARTNERS";0,311834025863064
"2010";"COGNIZANT.TECH.SLTN..A.";0,448043905373447
"2010";"COLGATE.PALM.";0,212382822340129
"2010";"COMCAST.A";0,365972263948624
"2010";"COMERICA.DEAD";0,549372640458942
"2010";"DXC.TECHNOLOGY";0,328927208821918
"2010";"COMPUWARE.DEAD";0,422668775010936
"2010";"CONAGRA.BRANDS";0,223292806020047
"2010";"CONOCOPHILLIPS";0,369699955767574
"2010";"CONSOLIDATED.EDISON";0,185228086764034
"2010";"CONSTELLATION.BRANDS..A.";0,326019157851471
"2010";"CONSTELLATION.EN..DEAD";0,373883807571726
"2010";"CORNING";0,426904433477831
"2010";"COSTCO.WHOLESALE";0,27464618083312
"2010";"COVENTRY.HEALTH.CARE.DEAD";0,471015872428324
"2010";"CUMMINS";0,525321888528732
"2010";"DIRECTV.DEAD";0,337651320097128
"2010";"DTE.ENERGY";0,242716852545313
"2010";"DANAHER";0,263639719140241
"2010";"DARDEN.RESTAURANTS";0,422953886596009
"2010";"DAVITA";0,279036572251649
"2010";"COVISTA";0,450840573152296
"2010";"DEAN.FOODS.DEAD";0,326766500798351
"2010";"DEERE";0,422441828647305
"2010";"DELL.DEAD";0,377201196086633
"2010";"DENBURY.RESOURCES..OTC..DEAD";0,605400077426226
"2010";"DENTSPLY.SIRONA";0,268422622470046
"2010";"DEVON.ENERGY";0,438699821960562
"2010";"DIAMOND.OFFS.DRL..DEAD";0,456479447622725
"2010";"DISCOVER.FINANCIAL.SVS..DEAD";0,888012943534587
"2010";"DOMINION.ENERGY";0,227995644047185
"2010";"R.R.DONNELLEY...SONS.DEAD";0,37879619552305
"2010";"DOVER";0,322826432164491
"2010";"DOW.CHEMICAL.DEAD";0,408984111667449
"2010";"E.I.DU.PONT.DE.NEMOURS.DEAD";0,321308977715426
"2010";"DUKE.ENERGY";0,232217869384278
"2010";"DUN...BRADSTREET.DEL..DEAD";0,24504553219425
"2010";"E.TRADE.FINANCIAL.DEAD";0,874568489271152
"2010";"EMC.DEAD";0,354810977768359
"2010";"EOG.RES.";0,463657968454782
"2010";"EQT";0,377259251855426
"2010";"EASTMAN.CHEMICAL";0,374860353227511
"2010";"EASTMAN.KODAK.DEAD";0,546751303609559
"2010";"EATON";0,33550965644
"2010";"ECOLAB";0,267326737291682
"2010";"EDISON.INTL.";0,279916235403002
"2010";"EL.PASO.DEAD";0,476131918117908
"2010";"ELECTRONIC.ARTS";0,425639942189413
"2010";"EMERSON.ELECTRIC";0,324153467831576
"2010";"ENTERGY";0,262834534050626
"2010";"EQUIFAX";0,294074263557716
"2010";"EQUITY.RESD.TST.PROPS..SHBI";0,549405134859413
"2010";"ESTEE.LAUDER.COS..A.";0,330533219086079
"2010";"EXELON";0,317462575586516
"2010";"EXPEDIA.GROUP";0,50273652672542
"2010";"EXPEDITORS.INTL.OF.WASH..A";0,405403706834976
"2010";"EXPRESS.SCRIPTS.HOLDING.DEAD";0,363512241429809
"2010";"EXXON.MOBIL";0,304839734662171
"2010";"FLIR.SYSTEMS.DEAD";0,445658152119524
"2010";"FMC";0,441224822330757
"2010";"FMC.TECHNOLOGIES.DEAD";0,484753927573886
"2010";"NEXTERA.ENERGY";0,280548391551203
"2010";"FAMILY.DOLLAR.STORES.DEAD";0,391475068842132
"2010";"FASTENAL";0,383122994076648
"2010";"FEDEX";0,342993949921607
"2010";"FEDERATED.HERMES.B";0,419300021846263
"2010";"FIDELITY.NAT.INFO.SVS.";0,344402315538742
"2010";"FIFTH.THIRD.BANCORP";0,867103279174453
"2010";"FIRST.HORIZON";0,626364764181277
"2010";"FIRST.SOLAR";0,829934738063692
"2010";"FIRSTENERGY";0,28581922728884
"2010";"FISERV";0,293037897416571
"2010";"FLOWSERVE";0,48983605389866
"2010";"FLUOR";0,490383096888225
"2010";"FORD.MOTOR";0,586421540069345
"2010";"FOREST.LABS..DEAD";0,32098412804116
"2010";"BEAM.DEAD";0,322701149315815
"2010";"FRANKLIN.RESOURCES";0,443300196276588
"2010";"FREEPORT.MCMORAN";0,592571684890545
"2010";"FRONTIER.COMMUNICATIONS.DEAD";0,314123327648097
"2010";"GAMESTOP..A.";0,477167727720374
"2010";"TEGNA.DEAD";0,555121067273583
"2010";"GAP";0,372822640943863
"2010";"GENERAL.DYNAMICS";0,265759571287419
"2010";"GE.AEROSPACE";0,366761726499797
"2010";"GENERAL.MILLS";0,189353772752187
"2010";"GENUINE.PARTS";0,239317063645959
"2010";"GENWORTH.FINANCIAL";1,12312076086019
"2010";"GENZYME.DEAD";0,307445332081481
"2010";"GILEAD.SCIENCES";0,322976733648634
"2010";"GOLDMAN.SACHS.GP.";0,483583408022455
"2010";"GOODRICH.DEAD";0,357875963855694
"2010";"GOODYEAR.TIRE...RUB.";0,591739382798102
"2010";"ALPHABET..A.";0,363204299354374
"2010";"WW.GRAINGER";0,279396239035699
"2010";"HEALTHPEAK.PROPERTIES";0,516678981749734
"2010";"HALLIBURTON";0,454560933944559
"2010";"HARLEY.DAVIDSON";0,48225263886705
"2010";"HARMAN.INTL.INDS..DEAD";0,545829352476424
"2010";"L3HARRIS.TECHNOLOGIES";0,376297016495631
"2010";"HARTFORD.INSURANCE.GROUP";0,957227691265541
"2010";"HASBRO";0,309753010428376
"2010";"WELLTOWER";0,374736638764675
"2010";"HJ.HEINZ.DEAD";0,202773590804667
"2010";"HERSHEY";0,246499836358296
"2010";"HESS.DEAD";0,507961241575537
"2010";"HP";0,318664520146476
"2010";"HOME.DEPOT";0,326034963648355
"2010";"HONEYWELL.INTL.";0,305875836600442
"2010";"HORMEL.FOODS";0,215184206387664
"2010";"D.R.HORTON";0,643817793432855
"2010";"HOSPIRA.DEAD";0,29533577688406
"2010";"HOST.HOTELS...RESORTS.REIT";0,642879637885237
"2010";"HUDSON.CITY.BANC..DEAD";0,3517755824638
"2010";"HUMANA";0,447179740824581
"2010";"HUNTINGTON.BCSH.";0,892885203154589
"2010";"IMS.HEALTH.DEAD";0,349018869373032
"2010";"ITT";0,308733097244891
"2010";"ILLINOIS.TOOL.WORKS";0,291170497558179
"2010";"INTEGRYS.ENERGY.GROUP.DEAD";0,278031164488532
"2010";"INTEL";0,340051394214211
"2010";"INTERCONTINENTAL.EX.";0,697707107442406
"2010";"INTERPUBLIC.GROUP.DEAD";0,488719619852147
"2010";"INTERNATIONAL.BUS.MCHS.";0,241701112602221
"2010";"INTL.FLAVORS...FRAG.";0,278107797220422
"2010";"INTERNATIONAL.GAME.TECH..DEAD";0,456082517760872
"2010";"INTERNATIONAL.PAPER";0,472671444802131
"2010";"INTUIT";0,313999725373718
"2010";"INTUITIVE.SURGICAL";0,572605634481625
"2010";"INVESCO";1,00884435673573
"2010";"IRON.MOUNTAIN";0,340605930498221
"2010";"VIAVI.SOLUTIONS";0,601695076673675
"2010";"JP.MORGAN.CHASE...CO.";0,53734575166957
"2010";"JABIL";0,526205679109933
"2010";"JACOBS.SOLUTIONS";0,505592749877554
"2010";"JANUS.CAPITAL.GP..DEAD";0,632590838696077
"2010";"JOHNSON...JOHNSON";0,179055918427792
"2010";"JOHNSON.CONTROLS.DEAD";0,416874617674366
"2010";"JUNIPER.NETWORKS.DEAD";0,457906927750129
"2010";"KLA";0,390829270980364
"2010";"KELLANOVA.DEAD";0,187126046614089
"2010";"KEYCORP";0,718421245863143
"2010";"KIMBERLY.CLARK";0,195840603591369
"2010";"KIMCO.REALTY";0,613505737353592
"2010";"KING.PHARMS..DEAD";0,388424278274303
"2010";"KOHL.S";0,376547811844307
"2010";"MONDELEZ.INTERNATIONAL.CL.A";0,224273996984601
"2010";"KROGER";0,275929116397948
"2010";"L3.TECHNOLOGIES.DEAD";0,254289798156444
"2010";"LSI.DEAD";0,549400997588106
"2010";"LABCORP.HOLDINGS";0,218754730823485
"2010";"LEGG.MASON.DEAD";0,604692887328902
"2010";"LEGGETT.PLATT";0,345777203567927
"2010";"LENNAR.A.A";0,707142281087011
"2010";"JEFFERIES.FINANCIAL.GROUP";0,482755375163404
"2010";"LEXMARK.INTL..DEAD";0,383397233849698
"2010";"LIFE.TECHNOLOGIES.DEAD";0,325234726032488
"2010";"ELI.LILLY";0,257797025213421
"2010";"BATH.AND.BODY.WORKS";0,438691427761459
"2010";"LINCOLN.NATIONAL";0,822230359923052
"2010";"LINEAR.TECHNOLOGY.DEAD";0,302209021028214
"2010";"LOCKHEED.MARTIN";0,26607904123722
"2010";"LOEWS";0,397650250529896
"2010";"LORILLARD.DEAD";0,265982116366593
"2010";"LOWE.S.COMPANIES";0,359314641034587
"2010";"M.T.BANK";0,438714951544621
"2010";"SUNEDISON.DEAD";0,630805772651284
"2010";"MACY.S";0,529017782633846
"2010";"MARATHON.OIL.DEAD";0,454446180251044
"2010";"MARRIOTT.INTL..A.";0,401713634170037
"2010";"MARSH";0,30943949513982
"2010";"MARSHALL...ILSLEY.DEAD";0,729125404558381
"2010";"MASCO";0,463265637295637
"2010";"MASSEY.EN..DEAD";0,706855183137353
"2010";"MASTERCARD";0,501873278858192
"2010";"MATTEL";0,333149553709747
"2010";"MCAFEE.DEAD";0,378713153950757
"2010";"MCCORMICK...COMPANY.NV.";0,215640802922489
"2010";"MCDONALDS";0,235911535649455
"2010";"S.P.GLOBAL";0,409985721059372
"2010";"MCKESSON";0,304670468659691
"2010";"MEADWESTVACO.DEAD";0,38446508678228
"2010";"MEDCO.HEALTH.SLTN..DEAD";0,329099649233812
"2010";"MEDTRONIC";0,262117445565015
"2010";"MERCK...COMPANY";0,321176861832521
"2010";"MEREDITH.DEAD";0,350427648650937
"2010";"METLIFE";0,607725968026878
"2010";"T.MOBILE.US";0,653708758313507
"2010";"MICROCHIP.TECH.";0,332480257742531
"2010";"MICRON.TECHNOLOGY";0,591841342791494
"2010";"MICROSOFT";0,308018884674029
"2010";"MILLIPORE.DEAD";0,261884832182632
"2010";"MOLEX.DEAD";0,370146295050199
"2010";"MOLSON.COORS.BEVERAGE.COMPANY.B";0,289339017154704
"2010";"MONSANTO.DEAD";0,418799578784338
"2010";"MONSTER.WORLDWIDE.DEAD";0,504266763678878
"2010";"MOODY.S";0,464513585720808
"2010";"MORGAN.STANLEY";0,738202576274433
"2010";"MOTOROLA.SOLUTIONS";0,450809790601667
"2010";"MURPHY.OIL";0,4251421594664
"2010";"VIATRIS";0,379774864206019
"2010";"NICOR.DEAD";0,265429139784459
"2010";"NIKE..B.";0,30670812707292
"2010";"NRG.ENERGY";0,447043108607821
"2010";"NYSE.EURONEXT.DEAD";0,636522330212433
"2010";"NABORS.INDUSTRIES";0,503799497071775
"2010";"NASDAQ";0,559592038466217
"2010";"NOV";0,585262125890341
"2010";"NATIONAL.SEMICON..DEAD";0,412537316953821
"2010";"NETAPP";0,436858716032673
"2010";"NEW.YORK.TIMES..A.";0,479516090473634
"2010";"NEWELL.BRANDS..XSC.";0,400971196498545
"2010";"NEWMONT";0,446824788320178
"2010";"TWENTY.FIRST.CENTURY.FOX.A";0,410555302947834
"2010";"NISOURCE";0,266485243582609
"2010";"NOBLE.ENERGY.DEAD";0,466279489553806
"2010";"NORDSTROM.DEAD";0,503376947359148
"2010";"NORFOLK.SOUTHERN";0,371577043947223
"2010";"EVERSOURCE.ENERGY";0,238384162046874
"2010";"NORTHERN.TRUST";0,449341105175782
"2010";"NORTHROP.GRUMMAN";0,256971292641471
"2010";"NOVELL.DEAD";0,414492558808678
"2010";"NOVELLUS.SYSTEMS.DEAD";0,390233729832481
"2010";"NUCOR";0,533151841300502
"2010";"NVIDIA";0,561780453187167
"2010";"O.REILLY.AUTOMOTIVE";0,33335954439696
"2010";"OCCIDENTAL.PTL.";0,443621109156987
"2010";"ODP.DEAD";0,775289587462506
"2010";"OMNICOM.GROUP";0,279193924749824
"2010";"ORACLE";0,320943790402916
"2010";"O.I.GLASS";0,489556910388087
"2010";"PACCAR";0,43009412393027
"2010";"PG.E";0,244265931951234
"2010";"PNC.FINL.SVS.GP.";0,560783097795271
"2010";"PPG.INDUSTRIES";0,310581345632439
"2010";"PPL";0,285068911233705
"2010";"PACTIV.DEAD";0,361320029805398
"2010";"PALL.DEAD";0,342132737316827
"2010";"PARKER.HANNIFIN";0,349826966169323
"2010";"PATTERSON.COMPANIES.DEAD";0,32603394472332
"2010";"PAYCHEX";0,27439008725749
"2010";"PEABODY.ENERGY.DEAD";0,625796465154927
"2010";"OLD.COPPER..OTC..DEAD";0,44460073854247
"2010";"PEOPLES.UNITED.FINANCIAL.DEAD";0,327514143621946
"2010";"PEPCO.HOLDINGS.DEAD";0,277310498622566
"2010";"PEPSI.BOTTLING.GP..DEAD";0,282341663897585
"2010";"PEPSICO";0,197052270881328
"2010";"REVVITY";0,350081060695564
"2010";"PFIZER";0,266391228808515
"2010";"PINNACLE.WEST.CAP.";0,229827892189462
"2010";"PIONEER.NTRL.RES..DEAD";0,514855324702983
"2010";"PITNEY.BOWES";0,269691167445622
"2010";"PLUM.CREEK.TIMBER.DEAD";0,42867419387267
"2010";"RALPH.LAUREN.CL.A";0,417483537945699
"2010";"PRAXAIR.DEAD";0,330155041995946
"2010";"PREC.CASTPARTS.DEAD";0,407912303289966
"2010";"BOOKING.HOLDINGS";0,503128622346618
"2010";"PRINCIPAL.FINL.GP.";0,710593928698549
"2010";"PROCTER...GAMBLE";0,202735317973804
"2010";"PROGRESS.ENERGY.DEAD";0,213827995412288
"2010";"PROGRESSIVE.OHIO";0,357831336381048
"2010";"PROLOGIS.DEAD";0,846980569878758
"2010";"PRUDENTIAL.FINL.";0,686233458746421
"2010";"PUB.SER.ENTER.GP.";0,310824398089314
"2010";"PUBLIC.STORAGE";0,466480423523431
"2010";"PULTEGROUP";0,606358951753018
"2010";"QLOGIC.DEAD";0,370317528947201
"2010";"QUALCOMM";0,357957993015891
"2010";"QUANTA.SERVICES";0,506028502697697
"2010";"QUEST.DIAGNOSTICS";0,255435266688028
"2010";"QUESTAR.DEAD";0,437184987651041
"2010";"QWEST.COMMS.INTL..DEAD";0,477343423223549
"2010";"RS.LEGACY.DEAD";0,484016303828737
"2010";"RANGE.RES.";0,515056499208751
"2010";"RAYTHEON..B..DEAD";0,242050161706733
"2010";"RED.HAT.DEAD";0,494342355776295
"2010";"REGIONS.FINL.NEW";0,792149189530525
"2010";"REPUBLIC.SVS..A.";0,299029342694235
"2010";"REYNOLDS.AMERICAN.DEAD";0,235250226230046
"2010";"ROBERT.HALF";0,399856650319412
"2010";"ROCKWELL.AUTOMATION";0,402368134581923
"2010";"ROCKWELL.COLLINS.DEAD";0,297560016614137
"2010";"ROPER.TECHNOLOGIES";0,359520707407863
"2010";"ROSS.STORES";0,342294753796915
"2010";"ROWAN.COMPANIES.CL.A.DEAD";0,534824834295737
"2010";"RYDER.SYSTEM";0,425133934047613
"2010";"LEIDOS.HOLDINGS";0,283473998229598
"2010";"SCANA.DEAD";0,218073218701581
"2010";"SLM";0,752180206547946
"2010";"SAFEWAY.DEAD";0,315338216578876
"2010";"SALESFORCE";0,518444181137552
"2010";"SANDISK.DEAD";0,66466035711923
"2010";"HILLSHIRE.BRANDS.DEAD";0,29089708116901
"2010";"SLB";0,436706203221033
"2010";"CHARLES.SCHWAB";0,462333498488524
"2010";"SEALED.AIR.DEAD";0,349525581611198
"2010";"SEARS.HOLDINGS.DEAD";0,475565074578752
"2010";"SEMPRA";0,273421133586814
"2010";"SHERWIN.WILLIAMS";0,330055491395851
"2010";"SIGMA.ALDRICH.DEAD";0,289004800174079
"2010";"SIMON.PROPERTY.GROUP";0,553739638026176
"2010";"SMITH.INTL..DEAD";0,517082329645965
"2010";"J.M.SMUCKER";0,240774706348465
"2010";"SNAP.ON";0,350976131225378
"2010";"SOUTHERN";0,196454174992151
"2010";"SOUTHWEST.AIRLINES";0,383499946516285
"2010";"SOUTHWESTERN.ENERGY.DEAD";0,610861578909027
"2010";"SPECTRA.ENERGY.DEAD";0,429954786546315
"2010";"SPRINT.NEXTEL.DEAD";0,63914882058182
"2010";"ST.JUDE.MEDICAL.DEAD";0,326451592545485
"2010";"STANLEY.BLACK...DECKER";0,344030736474624
"2010";"STAPLES.DEAD";0,370546270003367
"2010";"STARBUCKS";0,388196321985606
"2010";"STARWOOD.H.R.WORLDWIDE.DEAD";0,503183838675294
"2010";"STATE.STREET";0,635631424029607
"2010";"STERICYCLE.DEAD";0,285634664593586
"2010";"STRYKER";0,285848607819366
"2010";"SUNTRUST.BANKS.DEAD";0,65305182230388
"2010";"SUNOCO.DEAD";0,47895449058866
"2010";"SUPERVALU.DEAD";0,370245868771412
"2010";"GEN.DIGITAL";0,387802656847592
"2010";"SYSCO";0,255418376302019
"2010";"T.ROWE.PRICE.GROUP";0,481885414187793
"2010";"TECO.ENERGY.DEAD";0,287395627565508
"2010";"TJX";0,309754582401076
"2010";"TARGET";0,370900239562013
"2010";"TELLABS.DEAD";0,436118756312069
"2010";"TENET.HEALTHCARE";0,614080564502099
"2010";"TERADATA";0,495208720267258
"2010";"TERADYNE..XSC.";0,476120519346317
"2010";"ANDEAVOR.DEAD";0,591629919382908
"2010";"TEXAS.INSTRUMENTS";0,333024024291407
"2010";"TEXTRON";0,586360719149569
"2010";"BANK.OF.NEW.YORK.MELLON";0,525691736953995
"2010";"THERMO.FISHER.SCIENTIFIC";0,300007714212895
"2010";"TIFFANY...CO.DEAD";0,437395625009393
"2010";"TIME.WARNER.CABLE.DEAD";0,416518880922517
"2010";"TIME.WARNER.DEAD";0,33994903932558
"2010";"TITANIUM.METALS.DEAD";0,66050717404655
"2010";"GLOBE.LIFE";0,422075975786787
"2010";"TOTAL.SYSTEM.SERVICES.DEAD";0,325904920568763
"2010";"TRAVELERS.COS.";0,374191032727565
"2010";"TYSON.FOODS..A.";0,419192882891997
"2010";"US.BANCORP";0,477768699816274
"2010";"UNION.PACIFIC";0,351334551423583
"2010";"UNITED.PARCEL.SER..B.";0,264905738711734
"2010";"UNITED.STATES.STEEL.DEAD";0,619157490269317
"2010";"RTX";0,271867405338119
"2010";"UNITEDHEALTH.GROUP";0,422255074961425
"2010";"UNUM.GROUP";0,534729181167376
"2010";"V.F";0,320763855894656
"2010";"VALERO.ENERGY";0,489910046859887
"2010";"VARIAN.MEDICAL.SYSTEMS.DEAD";0,331045809437613
"2010";"VENTAS";0,490887818804116
"2010";"VERISIGN";0,433978885318369
"2010";"VERIZON.COMMUNICATIONS";0,256346366218498
"2010";"VIACOM..B..DEAD";0,393727281469524
"2010";"VORNADO.REALTY.TRUST";0,530047452817233
"2010";"VULCAN.MATERIALS";0,421658182369448
"2010";"WALMART";0,221658058388205
"2010";"WALGREENS.BOOTS.ALLIANCE.DEAD";0,281302643239915
"2010";"WALT.DISNEY";0,31569641370445
"2010";"GRAHAM.HOLDINGS..B.";0,307385426958065
"2010";"WASTE.MANAGEMENT";0,262949632266145
"2010";"WATERS";0,3472427329175
"2010";"ALLERGAN.DEAD...479";0,271115835225864
"2010";"ELEVANCE.HEALTH";0,347494766734614
"2010";"WELLS.FARGO...CO";0,608705840914693
"2010";"WESTERN.DIGITAL";0,497965811626632
"2010";"WESTERN.UNION";0,468590363367742
"2010";"WEYERHAEUSER";0,394506602761118
"2010";"WHIRLPOOL";0,445732069832289
"2010";"WHOLE.FOODS.MARKET.DEAD";0,486940951719973
"2010";"WILLIAMS";0,449655287693379
"2010";"WINDSTREAM.HOLDINGS.DEAD";0,312514803282261
"2010";"WEC.ENERGY.GROUP";0,195511252726668
"2010";"TRAVEL.LEISURE";0,779600273300463
"2010";"WYNN.RESORTS";0,630811926920476
"2010";"XL.GROUP.DEAD";0,869914328546732
"2010";"XTO.EN..DEAD";0,455119822324188
"2010";"XCEL.ENERGY";0,208905011522883
"2010";"XEROX.HOLDINGS";0,388628998530744
"2010";"XILINX.DEAD";0,3573072690879
"2010";"ALTABA.DEAD";0,477601947401848
"2010";"YUM..BRANDS";0,308005625315386
"2010";"ZIMMER.BIOMET.HDG.";0,308499508185666
"2010";"ZIONS.BANCORP.";0,689645218918941
"2010";"EBAY";0,420380633199775
"2015";"X3M";0,187617791217161
"2015";"CHUBB";0,188095203868533
"2015";"AES";0,275278257843357
"2015";"AFLAC";0,280647651521867
"2015";"AGL.RESOURCES.DEAD";0,17479403564655
"2015";"AMETEK";0,244638272081082
"2015";"AT.T";0,15106024490226
"2015";"ABBVIE";0,250726869234902
"2015";"ABBOTT.LABORATORIES";0,160801339067255
"2015";"ACCENTURE.CLASS.A";0,225685347497224
"2015";"ALLERGAN.DEAD...12";0,243970992617797
"2015";"ADOBE..NAS.";0,292118625841528
"2015";"AETNA.DEAD";0,260108963823034
"2015";"AFFILIATED.MANAGERS";0,311259934338328
"2015";"AGILENT.TECHS.";0,315589219383095
"2015";"AIR.PRDS...CHEMS.";0,21680101804901
"2015";"AIRGAS.DEAD";0,26540350796351
"2015";"AKAMAI.TECHS.";0,413694819388449
"2015";"HOWMET.AEROSPACE";0,327452211503853
"2015";"ALEXION.PHARMS..DEAD";0,333470222064579
"2015";"ATI";0,421725871683755
"2015";"ALLERGAN.DEAD...24";0,243643475048418
"2015";"BREAD.FINANCIAL.HOLDINGS";0,258901038606264
"2015";"ALLSTATE.ORD.SHS";0,214186306644051
"2015";"ALTERA.DEAD";0,305015848246481
"2015";"ALTRIA.GROUP";0,146610613965904
"2015";"AMAZON.COM";0,320363858339818
"2015";"AMEREN";0,17671500615464
"2015";"AMER.ELEC.PWR.";0,157570887772272
"2015";"AMERICAN.EXPRESS";0,242322393730193
"2015";"AMERICAN.INTL.GP.";0,369815425051906
"2015";"AMERICAN.TOWER";0,210784340754591
"2015";"AMERIPRISE.FINL.";0,30186068054958
"2015";"CENCORA";0,193008443965387
"2015";"AMGEN";0,225344219951959
"2015";"AMPHENOL..A.";0,261548745583759
"2015";"ANADARKO.PETROLEUM.DEAD";0,362575493082739
"2015";"ANALOG.DEVICES";0,239431368127687
"2015";"ELEVANCE.HEALTH";0,252473244617927
"2015";"AON.CLASS.A";0,199229115634735
"2015";"APA";0,285370173787519
"2015";"APARTMENT.INV...MAN..A.";0,26629351738823
"2015";"APPLE";0,261638719418414
"2015";"APPLIED.MATS.";0,27372055964414
"2015";"ARCHER.DANIELS.MIDLAND";0,238171205596575
"2015";"ASSURANT";0,232435737667636
"2015";"AUTONATION";0,288335847456922
"2015";"AUTOZONE";0,17425895163706
"2015";"AUTODESK";0,344466151553477
"2015";"AUTOMATIC.DATA.PROC.";0,164203515059011
"2015";"BROADCOM";0,348754420307254
"2015";"AVALONBAY.COMMNS.";0,226778913200911
"2015";"AVERY.DENNISON";0,27248586816841
"2015";"AVON.PRODUCTS.DEAD";0,338828873036006
"2015";"TRUIST.FINANCIAL";0,254713982631948
"2015";"BAKER.HUGHES.A";0,343111968571828
"2015";"BALL";0,192511514324862
"2015";"BANK.OF.AMERICA";0,374810700535733
"2015";"C.R.BARD.DEAD";0,18567689475889
"2015";"BAXTER.INTL.";0,197466424276883
"2015";"BECTON.DICKINSON";0,163230643233025
"2015";"BED.BATH...BEYOND.DEAD";0,264040124517093
"2015";"BERKSHIRE.HATHAWAY..B.";0,193553547916772
"2015";"BEST.BUY";0,41400372503149
"2015";"BIOGEN";0,296656897206853
"2015";"BLACKROCK";0,276059491286468
"2015";"H.R.BLOCK";0,295893107988854
"2015";"BOEING";0,240210613004867
"2015";"BORGWARNER";0,321027593636901
"2015";"BXP";0,221643947831035
"2015";"BOSTON.SCIENTIFIC";0,312278006584434
"2015";"BRISTOL.MYERS.SQUIBB";0,198632038526937
"2015";"BROADCOM..A..DEAD";0,313652305493573
"2015";"BROWN.FORMAN..B.";0,191991679720962
"2015";"CA.DEAD";0,222174983089325
"2015";"CBRE.GROUP.CLASS.A";0,364755008931842
"2015";"PARAMOUNT.SKYDANCE.B";0,314433633851461
"2015";"CF.INDUSTRIES.HDG.";0,355359084047596
"2015";"CH.ROBINSON.WWD.";0,227942683076929
"2015";"CME.GROUP";0,255221930898309
"2015";"CMS.ENERGY";0,164869070380971
"2015";"CNX.RESOURCES";0,386411974021457
"2015";"CSX";0,258582949227503
"2015";"CVS.HEALTH";0,193353600880681
"2015";"CABLEVISION.SYS..DEAD";0,316572292018976
"2015";"COTERRA.ENERGY";0,382562632149694
"2015";"CAMERON.INTERNATIONAL.DEAD";0,348002289336943
"2015";"THE.CAMPBELL.S.COMPANY";0,157270952137864
"2015";"CAPITAL.ONE.FINL.";0,288757471912873
"2015";"CARDINAL.HEALTH";0,208311985160066
"2015";"CAREFUSION.DEAD";0,247655411597411
"2015";"CARMAX";0,318383359043577
"2015";"CARNIVAL";0,280059011056937
"2015";"CATERPILLAR";0,270922480187459
"2015";"CELGENE.DEAD";0,275932827665084
"2015";"CENTERPOINT.EN.";0,190087410747871
"2015";"LUMEN.TECHNOLOGIES";0,208973046442141
"2015";"CERNER.DEAD";0,265229377045433
"2015";"CHESAPEAKE.ENERGY.DEAD";0,38898982863507
"2015";"CHEVRON";0,197025474762022
"2015";"CHIPOTLE.MEXN.GRILL";0,333302936989988
"2015";"CHUBB.DEAD";0,172675240886651
"2015";"CIGNA";0,252907641801484
"2015";"CIMAREX.EN..DEAD";0,371032206401561
"2015";"CINCINNATI.FINL.";0,190420473143042
"2015";"CINTAS";0,211786503335212
"2015";"CISCO.SYSTEMS";0,269981465398163
"2015";"CITIGROUP";0,354757147233359
"2015";"CITRIX.SYS..DEAD";0,35241091318855
"2015";"CLOROX";0,158300169929422
"2015";"TAPESTRY";0,324102881444312
"2015";"COCA.COLA";0,151266219524483
"2015";"COCA.COLA.EUROPACIFIC.PARTNERS";0,258617618726332
"2015";"COGNIZANT.TECH.SLTN..A.";0,302827354740477
"2015";"COLGATE.PALM.";0,150614114741343
"2015";"COMCAST.A";0,224402208292103
"2015";"COMERICA.DEAD";0,285944347605086
"2015";"DXC.TECHNOLOGY";0,327157226610249
"2015";"CONAGRA.BRANDS";0,166518924170387
"2015";"CONOCOPHILLIPS";0,212013769306923
"2015";"CONSOLIDATED.EDISON";0,135193748133941
"2015";"CONSTELLATION.BRANDS..A.";0,331895382063322
"2015";"CORNING";0,302459104214088
"2015";"COSTCO.WHOLESALE";0,168505098336527
"2015";"CROWN.CASTLE";0,211736383233541
"2015";"CUMMINS";0,329381502530284
"2015";"DIRECTV.DEAD";0,210020860900551
"2015";"DTE.ENERGY";0,156750174640513
"2015";"DAVITA";0,216993705192259
"2015";"DANAHER";0,211281310235801
"2015";"DARDEN.RESTAURANTS";0,242739567772713
"2015";"DEERE";0,246630231479043
"2015";"APTIV";0,239239340820654
"2015";"DELTA.AIR.LINES";0,406643273547328
"2015";"DENBURY.RESOURCES..OTC..DEAD";0,380767653521416
"2015";"DENTSPLY.SIRONA";0,214085961340176
"2015";"DEVON.ENERGY";0,279343330584237
"2015";"DIAMOND.OFFS.DRL..DEAD";0,294021554621798
"2015";"DISCOVER.FINANCIAL.SVS..DEAD";0,27913602000409
"2015";"WARNER.BROS.DISCOVERY.SERIES.A";0,253719656807657
"2015";"DISCOVERY.SERIES.C.DEAD";0,249620402874613
"2015";"DOLLAR.GENERAL";0,253444851187787
"2015";"DOLLAR.TREE";0,229261061959967
"2015";"DOMINION.ENERGY";0,152980990647892
"2015";"DOVER";0,260708707418852
"2015";"DOW.CHEMICAL.DEAD";0,314065547660166
"2015";"KEURIG.DR.PEPPER";0,1990790129079
"2015";"DUKE.ENERGY";0,136003605785678
"2015";"DUN...BRADSTREET.DEL..DEAD";0,226624155909054
"2015";"E.TRADE.FINANCIAL.DEAD";0,390739652630798
"2015";"E.I.DU.PONT.DE.NEMOURS.DEAD";0,21887342132829
"2015";"EMC.DEAD";0,246159571597491
"2015";"EOG.RES.";0,324939171122081
"2015";"EQT";0,299810523881804
"2015";"EASTMAN.CHEMICAL";0,297120068546516
"2015";"EATON";0,278288453147149
"2015";"ECOLAB";0,193008974689405
"2015";"EDISON.INTL.";0,169718378232478
"2015";"EDWARDS.LIFESCIENCES";0,317920980541721
"2015";"ELECTRONIC.ARTS";0,36396835697039
"2015";"EMERSON.ELECTRIC";0,237668139440183
"2015";"ENDO.INTERNATIONAL.DEAD";0,310827714253563
"2015";"VALARIS.A.DEAD";0,309873933134411
"2015";"ENTERGY";0,170632674379745
"2015";"EQUIFAX";0,207208416117281
"2015";"EQUITY.RESD.TST.PROPS..SHBI";0,23157817179061
"2015";"ESSEX.PROPERTY.TST.";0,216664710127165
"2015";"ESTEE.LAUDER.COS..A.";0,263928613796105
"2015";"EXELON";0,183075493785202
"2015";"EXPEDIA.GROUP";0,390779661614853
"2015";"EXPEDITORS.INTL.OF.WASH..A";0,253869740226801
"2015";"EXPRESS.SCRIPTS.HOLDING.DEAD";0,254194032596828
"2015";"EXXON.MOBIL";0,177195194472593
"2015";"F5";0,41591931854267
"2015";"FLIR.SYSTEMS.DEAD";0,266845127818907
"2015";"FMC";0,245145610156979
"2015";"FMC.TECHNOLOGIES.DEAD";0,326923492500563
"2015";"META.PLATFORMS.A";0,47006662144384
"2015";"FAMILY.DOLLAR.STORES.DEAD";0,276428591197348
"2015";"FASTENAL";0,262851059692592
"2015";"FEDEX";0,249055211187088
"2015";"FIDELITY.NAT.INFO.SVS.";0,213844184180132
"2015";"FIFTH.THIRD.BANCORP";0,31535692045111
"2015";"FIRST.SOLAR";0,613747727765303
"2015";"FIRSTENERGY";0,195441592460599
"2015";"FISERV";0,189342100767457
"2015";"FLOWSERVE";0,305155092002406
"2015";"FLUOR";0,316708277516753
"2015";"FORD.MOTOR";0,300869252763916
"2015";"FOSSIL.GROUP";0,445577987139617
"2015";"FRANKLIN.RESOURCES";0,272516003061927
"2015";"FREEPORT.MCMORAN";0,363082103993503
"2015";"FRONTIER.COMMUNICATIONS.DEAD";0,29691069958679
"2015";"GAMESTOP..A.";0,365886737201283
"2015";"TEGNA.DEAD";0,379142404057316
"2015";"GAP";0,292863629517041
"2015";"GARMIN";0,276064736197213
"2015";"GENERAL.DYNAMICS";0,2118991598166
"2015";"GE.AEROSPACE";0,22161319834529
"2015";"GGP.DEAD";0,314088205537346
"2015";"GENERAL.MILLS";0,142508440052233
"2015";"GENERAL.MOTORS";0,304918327818375
"2015";"GENUINE.PARTS";0,19921716365588
"2015";"GENWORTH.FINANCIAL";0,503945887109554
"2015";"GILEAD.SCIENCES";0,300846010775957
"2015";"GOLDMAN.SACHS.GP.";0,276965096657766
"2015";"GOODYEAR.TIRE...RUB.";0,410031349377031
"2015";"ALPHABET..A.";0,244667582237173
"2015";"WW.GRAINGER";0,225729554817495
"2015";"HCA.HEALTHCARE";0,349031897578398
"2015";"HEALTHPEAK.PROPERTIES";0,235750987480383
"2015";"HALLIBURTON";0,35970379654393
"2015";"HARLEY.DAVIDSON";0,315430610625279
"2015";"HARMAN.INTL.INDS..DEAD";0,407324581335364
"2015";"L3HARRIS.TECHNOLOGIES";0,245200073743925
"2015";"HARTFORD.INSURANCE.GROUP";0,358229958615188
"2015";"HASBRO";0,23107557134398
"2015";"WELLTOWER";0,204909219083215
"2015";"HELMERICH...PAYNE";0,364066328013105
"2015";"HERSHEY";0,163450347482864
"2015";"HESS.DEAD";0,307629754612478
"2015";"HP";0,328341848070384
"2015";"HOME.DEPOT";0,203644817298131
"2015";"HONEYWELL.INTL.";0,226431455447414
"2015";"HORMEL.FOODS";0,167975547675191
"2015";"D.R.HORTON";0,372631039565909
"2015";"HOSPIRA.DEAD";0,268302874788436
"2015";"HOST.HOTELS...RESORTS.REIT";0,30263161884977
"2015";"HUDSON.CITY.BANC..DEAD";0,275586049719213
"2015";"HUMANA";0,269645795174526
"2015";"HUNTINGTON.BCSH.";0,329482437319733
"2015";"ILLINOIS.TOOL.WORKS";0,221211162987244
"2015";"TRANE.TECHNOLOGIES";0,288549216288096
"2015";"INTEGRYS.ENERGY.GROUP.DEAD";0,183039889775919
"2015";"INTEL";0,230520199084464
"2015";"INTERCONTINENTAL.EX.";0,251644262840322
"2015";"INTERPUBLIC.GROUP.DEAD";0,346426252786861
"2015";"INTERNATIONAL.BUS.MCHS.";0,182187778118129
"2015";"INTL.FLAVORS...FRAG.";0,205923522132852
"2015";"INTERNATIONAL.PAPER";0,308145651491001
"2015";"INTUIT";0,235280794255016
"2015";"INTUITIVE.SURGICAL";0,329177381935367
"2015";"INVESCO";0,325259629109075
"2015";"IRON.MOUNTAIN";0,274455958580828
"2015";"JP.MORGAN.CHASE...CO.";0,280699181695543
"2015";"JACOBS.SOLUTIONS";0,287177063470447
"2015";"JOHNSON...JOHNSON";0,134188387954771
"2015";"JOHNSON.CONTROLS.DEAD";0,287346628988332
"2015";"JOY.GLOBAL.DEAD";0,378968173889533
"2015";"JUNIPER.NETWORKS.DEAD";0,369121666631061
"2015";"KLA";0,289297692118308
"2015";"KANSAS.CITY.SOUTHERN.DEAD";0,316805672463057
"2015";"KELLANOVA.DEAD";0,152859200661268
"2015";"KEURIG.GREEN.MOUNTAIN.DEAD";0,653689354014391
"2015";"KEYCORP";0,31396178026171
"2015";"KIMBERLY.CLARK";0,13689669265485
"2015";"KIMCO.REALTY";0,255234716306972
"2015";"KINDER.MORGAN";0,224977815419368
"2015";"KOHL.S";0,251013246507791
"2015";"KRAFT.FOODS.GROUP.DEAD";0,174240005159526
"2015";"KROGER";0,193807756287684
"2015";"BATH.AND.BODY.WORKS";0,270564793985253
"2015";"L3.TECHNOLOGIES.DEAD";0,211089309456835
"2015";"LABCORP.HOLDINGS";0,192878238119279
"2015";"LAM.RESEARCH";0,314316536886072
"2015";"LEGG.MASON.DEAD";0,323009871590539
"2015";"LEGGETT.PLATT";0,247507057505772
"2015";"LENNAR.A.A";0,38644239966938
"2015";"JEFFERIES.FINANCIAL.GROUP";0,307678174240026
"2015";"LEVEL.3.COMMS..DEAD";0,453653973117958
"2015";"ELI.LILLY";0,171406132912673
"2015";"LINCOLN.NATIONAL";0,366726297213702
"2015";"LINEAR.TECHNOLOGY.DEAD";0,231031466325408
"2015";"LOCKHEED.MARTIN";0,175306247624541
"2015";"LOEWS";0,184462158319626
"2015";"LORILLARD.DEAD";0,228640450168424
"2015";"LOWE.S.COMPANIES";0,245782937588415
"2015";"LYONDELLBASELL.INDS.CL.A";0,358290390368621
"2015";"M.T.BANK";0,239346721037262
"2015";"MACERICH";0,267127002912713
"2015";"MACY.S";0,293159367565035
"2015";"MARATHON.OIL.DEAD";0,295162216062106
"2015";"MARATHON.PETROLEUM";0,35579804111024
"2015";"MARRIOTT.INTL..A.";0,262651223041305
"2015";"MARSH";0,188361250452178
"2015";"MARTIN.MRTA.MATS.";0,274522165378297
"2015";"MASCO";0,388326813404889
"2015";"MASTERCARD";0,280057674272638
"2015";"MATTEL";0,22761032802082
"2015";"MCCORMICK...COMPANY.NV.";0,155486707431692
"2015";"MCDONALDS";0,140082690038632
"2015";"S.P.GLOBAL";0,242378381934926
"2015";"MCKESSON";0,207825545016868
"2015";"MEAD.JOHNSON.NUTRITION.DEAD";0,245286861502957
"2015";"MEADWESTVACO.DEAD";0,251751698151912
"2015";"MEDTRONIC";0,207351298075001
"2015";"MERCK...COMPANY";0,186350034873708
"2015";"METLIFE";0,312772997219403
"2015";"CAPRI.HOLDINGS";0,396643998828514
"2015";"MICROCHIP.TECH.";0,239249640597665
"2015";"MICRON.TECHNOLOGY";0,475357162994524
"2015";"MICROSOFT";0,217257263134566
"2015";"MOHAWK.INDUSTRIES";0,324125907206406
"2015";"MOLSON.COORS.BEVERAGE.COMPANY.B";0,212355194482848
"2015";"MONDELEZ.INTERNATIONAL.CL.A";0,169891641232526
"2015";"MONSANTO.DEAD";0,252482084661532
"2015";"MONSTER.BEVERAGE";0,362913173109324
"2015";"MOODY.S";0,306241161788075
"2015";"MORGAN.STANLEY";0,379181819561899
"2015";"MOSAIC";0,331859578106534
"2015";"MOTOROLA.SOLUTIONS";0,240421922729668
"2015";"MURPHY.OIL";0,283166637952539
"2015";"VIATRIS";0,264210696350385
"2015";"NIKE..B.";0,234249239812159
"2015";"NRG.ENERGY";0,263523987190753
"2015";"NABORS.INDUSTRIES";0,43116283284854
"2015";"NASDAQ";0,273000151604178
"2015";"NOV";0,317915716488674
"2015";"NETAPP";0,3253699980306
"2015";"NETFLIX";0,596717029287694
"2015";"NEWELL.BRANDS..XSC.";0,260370777996132
"2015";"NEWFIELD.EXPLORATION.DEAD";0,4000966552161
"2015";"NEWMONT";0,328812749993048
"2015";"NEXTERA.ENERGY";0,158346861554573
"2015";"NIELSEN.DEAD";0,235886750859219
"2015";"NISOURCE";0,18100919119672
"2015";"NOBLE.CORPORATION.DEAD";0,327317691622113
"2015";"NOBLE.ENERGY.DEAD";0,290688679019701
"2015";"NORDSTROM.DEAD";0,277223720552606
"2015";"NORFOLK.SOUTHERN";0,24155251437973
"2015";"EVERSOURCE.ENERGY";0,163802062645894
"2015";"NORTHERN.TRUST";0,232721953402576
"2015";"NORTHROP.GRUMMAN";0,197558226377876
"2015";"NUCOR";0,250311090518494
"2015";"NVIDIA";0,375631116209272
"2015";"O.REILLY.AUTOMOTIVE";0,219460510586788
"2015";"ONEOK";0,252482934441721
"2015";"OCCIDENTAL.PTL.";0,269399467683497
"2015";"OMNICOM.GROUP";0,213398734019544
"2015";"ORACLE";0,249992440302478
"2015";"O.I.GLASS";0,340371641283702
"2015";"PACCAR";0,274176999269158
"2015";"PETSMART.DEAD";0,242508193856037
"2015";"PG.E";0,164470063508613
"2015";"PNC.FINL.SVS.GP.";0,253766301329357
"2015";"PPG.INDUSTRIES";0,234324488408016
"2015";"PPL";0,163039319573097
"2015";"PVH";0,34000638003553
"2015";"PALL.DEAD";0,254170076748494
"2015";"PARKER.HANNIFIN";0,279696086177206
"2015";"PATTERSON.COMPANIES.DEAD";0,206129216302044
"2015";"PAYCHEX";0,174342201909596
"2015";"PENTAIR";0,267725715539924
"2015";"PEOPLES.UNITED.FINANCIAL.DEAD";0,191437904746681
"2015";"PEPCO.HOLDINGS.DEAD";0,17607969574938
"2015";"PEPSICO";0,13684478806615
"2015";"REVVITY";0,260250362963158
"2015";"PERRIGO";0,268706087849964
"2015";"PFIZER";0,183004425714993
"2015";"PHILIP.MORRIS.INTL.";0,171807952101501
"2015";"PHILLIPS.66";0,286185590333734
"2015";"PINNACLE.WEST.CAP.";0,161485021887119
"2015";"PIONEER.NTRL.RES..DEAD";0,371822259858428
"2015";"PITNEY.BOWES";0,314544621215157
"2015";"PLUM.CREEK.TIMBER.DEAD";0,202464317000371
"2015";"PRAXAIR.DEAD";0,178410098684002
"2015";"PREC.CASTPARTS.DEAD";0,241226962279033
"2015";"PRINCIPAL.FINL.GP.";0,311862879647071
"2015";"PROLOGIS.REIT";0,284142892266115
"2015";"PROCTER...GAMBLE";0,136866636731726
"2015";"PROGRESSIVE.OHIO";0,196328957607327
"2015";"PRUDENTIAL.FINL.";0,301266791172258
"2015";"PUB.SER.ENTER.GP.";0,180250570411939
"2015";"PUBLIC.STORAGE";0,203740470559706
"2015";"PULTEGROUP";0,444344590279003
"2015";"QEP.RESOURCES..NYS..DEAD";0,357576473136483
"2015";"QUALCOMM";0,247573857514868
"2015";"QUANTA.SERVICES";0,300933064290602
"2015";"QUEST.DIAGNOSTICS";0,20708250988339
"2015";"RALPH.LAUREN.CL.A";0,280868873717349
"2015";"RANGE.RES.";0,352987596544068
"2015";"RAYTHEON..B..DEAD";0,189553885210455
"2015";"RED.HAT.DEAD";0,339918568713947
"2015";"REGENERON.PHARMS.";0,468798908774185
"2015";"REGIONS.FINL.NEW";0,385378774467567
"2015";"REPUBLIC.SVS..A.";0,191487386090893
"2015";"REYNOLDS.AMERICAN.DEAD";0,17366264982871
"2015";"ROBERT.HALF";0,292611719074896
"2015";"ROCKWELL.AUTOMATION";0,300716742626437
"2015";"ROCKWELL.COLLINS.DEAD";0,211695162629652
"2015";"ROPER.TECHNOLOGIES";0,218945627210553
"2015";"ROSS.STORES";0,225049122789143
"2015";"ROYAL.CARIBBEAN.GROUP";0,389637916764624
"2015";"RYDER.SYSTEM";0,296361311928295
"2015";"SCANA.DEAD";0,15539240250756
"2015";"SALESFORCE";0,380535599721658
"2015";"SANDISK.DEAD";0,377590267740083
"2015";"SLB";0,289718684358666
"2015";"CHARLES.SCHWAB";0,292515212513879
"2015";"SCRIPPS.NETWORKS.INTERACTIVE.A";0,247196000091131
"2015";"SEAGATE.TECHNOLOGY.HOLDINGS";0,424525094388601
"2015";"SEALED.AIR.DEAD";0,285220575175683
"2015";"SEMPRA";0,164713388556912
"2015";"SHERWIN.WILLIAMS";0,211190745880872
"2015";"SIGMA.ALDRICH.DEAD";0,252033225936412
"2015";"SIMON.PROPERTY.GROUP";0,219311561722035
"2015";"J.M.SMUCKER";0,169469532963524
"2015";"SNAP.ON";0,237753909261104
"2015";"SOUTHERN";0,124603690182349
"2015";"SOUTHWEST.AIRLINES";0,275353028122801
"2015";"SOUTHWESTERN.ENERGY.DEAD";0,319577171886321
"2015";"SPECTRA.ENERGY.DEAD";0,198654979607843
"2015";"ST.JUDE.MEDICAL.DEAD";0,249284860824827
"2015";"STANLEY.BLACK...DECKER";0,278147725756141
"2015";"STAPLES.DEAD";0,319084158432818
"2015";"STARBUCKS";0,258102099946902
"2015";"STARWOOD.H.R.WORLDWIDE.DEAD";0,316396020162208
"2015";"STATE.STREET";0,274899713096522
"2015";"STERICYCLE.DEAD";0,187548632990287
"2015";"STRYKER";0,203709494681656
"2015";"SUNTRUST.BANKS.DEAD";0,334856579280805
"2015";"GEN.DIGITAL";0,280250660206372
"2015";"SYSCO";0,166909461954786
"2015";"T.ROWE.PRICE.GROUP";0,27064106634251
"2015";"TE.CONNECTIVITY";0,256585155756439
"2015";"TECO.ENERGY.DEAD";0,175238466824819
"2015";"TJX";0,211902236790739
"2015";"TARGET";0,191865902043021
"2015";"TENET.HEALTHCARE";0,477348021828151
"2015";"TERADATA";0,327890269049991
"2015";"ANDEAVOR.DEAD";0,398313069815788
"2015";"TEXAS.INSTRUMENTS";0,238193554473075
"2015";"TEXTRON";0,365195222559555
"2015";"ADT.DEAD";0,282269278238875
"2015";"BANK.OF.NEW.YORK.MELLON";0,263267161232747
"2015";"BOOKING.HOLDINGS";0,340586969820351
"2015";"WILLIAMS";0,292841947372816
"2015";"THERMO.FISHER.SCIENTIFIC";0,237688040389607
"2015";"TIFFANY...CO.DEAD";0,29404900289052
"2015";"TIME.WARNER.CABLE.DEAD";0,244365013153415
"2015";"TIME.WARNER.DEAD";0,239949777490546
"2015";"GLOBE.LIFE";0,210454991536943
"2015";"TOTAL.SYSTEM.SERVICES.DEAD";0,212195032338885
"2015";"TRACTOR.SUPPLY";0,292811097777517
"2015";"TRANSOCEAN";0,362851398365559
"2015";"TRAVELERS.COS.";0,181990197863224
"2015";"TRIPADVISOR..A.";0,425793807397456
"2015";"TWENTY.FIRST.CENTURY.FOX.A";0,284964008599728
"2015";"JOHNSON.CONTROLS.INTL.";0,221027803829697
"2015";"TYSON.FOODS..A.";0,271154360544949
"2015";"US.BANCORP";0,229065856691436
"2015";"UNDER.ARMOUR.A";0,390022321985958
"2015";"UNION.PACIFIC";0,22837507970696
"2015";"UNITED.PARCEL.SER..B.";0,174955352789515
"2015";"UNITED.RENTALS";0,484020398325131
"2015";"RTX";0,199366457179421
"2015";"UNITEDHEALTH.GROUP";0,234594818975844
"2015";"UNIVERSAL.HEALTH.SVS..B.";0,295089458159329
"2015";"UNUM.GROUP";0,254176916416767
"2015";"URBAN.OUTFITTERS";0,336947866771794
"2015";"V.F";0,235079486027684
"2015";"VALERO.ENERGY";0,362244429183771
"2015";"VARIAN.MEDICAL.SYSTEMS.DEAD";0,24131998131106
"2015";"VENTAS";0,222824933705725
"2015";"VERISIGN";0,26102268460896
"2015";"VERIZON.COMMUNICATIONS";0,161020745269155
"2015";"VERTEX.PHARMS.";0,561099091630816
"2015";"VIACOM..B..DEAD";0,245622941827442
"2015";"VISA..A.";0,25632588976484
"2015";"VORNADO.REALTY.TRUST";0,228904022946183
"2015";"VULCAN.MATERIALS";0,339013969745057
"2015";"WALMART";0,143113511250323
"2015";"WALGREENS.BOOTS.ALLIANCE.DEAD";0,252854313367827
"2015";"WALT.DISNEY";0,217373118638374
"2015";"WASTE.MANAGEMENT";0,175923469650243
"2015";"WATERS";0,253290385198517
"2015";"WELLS.FARGO...CO";0,262223785519907
"2015";"WESTERN.DIGITAL";0,372023296876061
"2015";"WESTERN.UNION";0,272029860912845
"2015";"WEYERHAEUSER";0,273384013269108
"2015";"WHIRLPOOL";0,349749932125499
"2015";"WHOLE.FOODS.MARKET.DEAD";0,313539719995919
"2015";"WINDSTREAM.HOLDINGS.DEAD";0,229634050363702
"2015";"WEC.ENERGY.GROUP";0,153905123782274
"2015";"TRAVEL.LEISURE";0,290141109492906
"2015";"WYNN.RESORTS";0,359498219650139
"2015";"XL.GROUP.DEAD";0,255674767848457
"2015";"XCEL.ENERGY";0,14517869242543
"2015";"XEROX.HOLDINGS";0,294079125217945
"2015";"XILINX.DEAD";0,255568805702064
"2015";"XYLEM";0,248310241045774
"2015";"ALTABA.DEAD";0,299702159453866
"2015";"YUM..BRANDS";0,22912998702571
"2015";"ZIMMER.BIOMET.HDG.";0,221274595623036
"2015";"ZIONS.BANCORP.";0,348349408442572
"2015";"EBAY";0,295982935208626
"2020";"AMAZON.COM";0,287295455523884
"2020";"ABBOTT.LABORATORIES";0,203738560686127
"2020";"AES";0,248829704010944
"2020";"ABIOMED.DEAD";0,455027388775598
"2020";"INTERNATIONAL.BUS.MCHS.";0,201992803420392
"2020";"ADVANCED.MICRO.DEVICES";0,630266357051691
"2020";"ADOBE..NAS.";0,258047183071418
"2020";"ALEXANDRIA.REAL.ESTATE.EQUITIES.REIT";0,181972435371919
"2020";"AIR.PRDS...CHEMS.";0,185560686251923
"2020";"ALASKA.AIR.GROUP";0,287751251177546
"2020";"BXP";0,184166046265208
"2020";"ALLSTATE.ORD.SHS";0,170967157281257
"2020";"HONEYWELL.INTL.";0,169467210227997
"2020";"AMGEN";0,228729823704935
"2020";"HESS.DEAD";0,380197718292416
"2020";"AMERICAN.EXPRESS";0,20221291331861
"2020";"AMER.ELEC.PWR.";0,157727974595104
"2020";"AFLAC";0,162151232987349
"2020";"AMERICAN.INTL.GP.";0,210101430433311
"2020";"ANALOG.DEVICES";0,262474397130421
"2020";"ALEXION.PHARMS..DEAD";0,369297460771379
"2020";"VALERO.ENERGY";0,281004598113696
"2020";"APA";0,417941114639642
"2020";"COMCAST.A";0,208099166709276
"2020";"ANSYS.DEAD";0,220890802044862
"2020";"APPLE";0,243912317423787
"2020";"APPLIED.MATS.";0,319563637731139
"2020";"ALBEMARLE";0,31650671965768
"2020";"ARCHER.DANIELS.MIDLAND";0,21992881291669
"2020";"PINNACLE.WEST.CAP.";0,162790591788361
"2020";"AMEREN";0,16458847351238
"2020";"AUTODESK";0,326711149345392
"2020";"AUTOMATIC.DATA.PROC.";0,19059631603152
"2020";"AUTOZONE";0,223065560859005
"2020";"AVERY.DENNISON";0,208507730534672
"2020";"BALL";0,214713332661119
"2020";"BERKSHIRE.HATHAWAY..B.";0,163200295701482
"2020";"BAXTER.INTL.";0,195039528592432
"2020";"BECTON.DICKINSON";0,188204526838259
"2020";"AMETEK";0,193110126997101
"2020";"VERIZON.COMMUNICATIONS";0,167656098644602
"2020";"W.R.BERKLEY";0,159714325746666
"2020";"BEST.BUY";0,343722237578494
"2020";"SL.GREEN.REALTY";0,201393810877103
"2020";"YUM..BRANDS";0,209523416304569
"2020";"FIRSTENERGY";0,197682461292217
"2020";"H.R.BLOCK";0,301133364665803
"2020";"BOEING";0,247832537847583
"2020";"ROBERT.HALF";0,263791381570857
"2020";"BORGWARNER";0,299632587394902
"2020";"BOSTON.SCIENTIFIC";0,245340956384266
"2020";"CH.ROBINSON.WWD.";0,220683361749235
"2020";"TAKE.TWO.INTACT.SFTW.";0,327899525608124
"2020";"METTLER.TOLEDO.INTL.";0,216412709038672
"2020";"BRISTOL.MYERS.SQUIBB";0,251318255156203
"2020";"ONEOK";0,331942874381737
"2020";"AVALONBAY.COMMNS.";0,168114729365244
"2020";"UNITED.RENTALS";0,392469338859268
"2020";"SEMPRA";0,182402062490875
"2020";"FEDEX";0,246911819274733
"2020";"VERISIGN";0,226068086776703
"2020";"AMPHENOL..A.";0,186278979731031
"2020";"BROWN.FORMAN..B.";0,200733321499672
"2020";"QUANTA.SERVICES";0,289437197998156
"2020";"CSX";0,269460310397958
"2020";"COTERRA.ENERGY";0,338737215624422
"2020";"THE.CAMPBELL.S.COMPANY";0,232181588270388
"2020";"CONSTELLATION.BRANDS..A.";0,222130729173781
"2020";"CARDINAL.HEALTH";0,267650564449741
"2020";"CATERPILLAR";0,262903875188237
"2020";"CITRIX.SYS..DEAD";0,228833407642877
"2020";"LUMEN.TECHNOLOGIES";0,335658439392768
"2020";"CERNER.DEAD";0,234205406942972
"2020";"JP.MORGAN.CHASE...CO.";0,206228386228442
"2020";"CHURCH...DWIGHT.CO.";0,186080964711578
"2020";"CINCINNATI.FINL.";0,177351700331037
"2020";"CINTAS";0,19780877599602
"2020";"CISCO.SYSTEMS";0,221609250519088
"2020";"CLOROX";0,178879206672519
"2020";"COCA.COLA";0,139015152941615
"2020";"COPART";0,218665156398788
"2020";"COLGATE.PALM.";0,169055428905627
"2020";"MARRIOTT.INTL..A.";0,230935384715569
"2020";"COMERICA.DEAD";0,26517184235848
"2020";"NRG.ENERGY";0,393814433139478
"2020";"CONAGRA.BRANDS";0,261516543173619
"2020";"CONSOLIDATED.EDISON";0,158441668674145
"2020";"CMS.ENERGY";0,160983731147054
"2020";"COOPER.COS.";0,222018702248674
"2020";"CORNING";0,243088722957547
"2020";"SEALED.AIR.DEAD";0,239485872140651
"2020";"CUMMINS";0,232573297832918
"2020";"D.R.HORTON";0,271571458336953
"2020";"DANAHER";0,175247111719954
"2020";"MOODY.S";0,213644819216651
"2020";"COGNIZANT.TECH.SLTN..A.";0,238897060367607
"2020";"TARGET";0,269561875273755
"2020";"DEERE";0,249699384378019
"2020";"MORGAN.STANLEY";0,258256331634963
"2020";"REPUBLIC.SVS..A.";0,139642679609817
"2020";"WALT.DISNEY";0,195452976567206
"2020";"DOLLAR.TREE";0,281687876413157
"2020";"DOVER";0,23052495094661
"2020";"OMNICOM.GROUP";0,191392338235608
"2020";"DTE.ENERGY";0,157497435465168
"2020";"DUKE.REALTY.DEAD";0,182960512618375
"2020";"FLOWSERVE";0,293097058882372
"2020";"DARDEN.RESTAURANTS";0,226541538495674
"2020";"EBAY";0,259823628281991
"2020";"BANK.OF.AMERICA";0,252426372832534
"2020";"CITIGROUP";0,244017581255288
"2020";"EASTMAN.CHEMICAL";0,2403897574957
"2020";"E.TRADE.FINANCIAL.DEAD";0,296525563008091
"2020";"CADENCE.DESIGN.SYS.";0,245884244184641
"2020";"DISH.NETWORK..A..DEAD";0,313084457980927
"2020";"ECOLAB";0,170354381018261
"2020";"REVVITY";0,221613482972014
"2020";"ELECTRONIC.ARTS";0,304570024872682
"2020";"SALESFORCE";0,284476171691461
"2020";"EMERSON.ELECTRIC";0,214285393943137
"2020";"ATMOS.ENERGY";0,161923057265276
"2020";"ESSEX.PROPERTY.TST.";0,180207091779668
"2020";"ENTERGY";0,168160751841081
"2020";"EOG.RES.";0,309734076528137
"2020";"EQUIFAX";0,230515787650027
"2020";"EQUITY.RESD.TST.PROPS..SHBI";0,172499222239529
"2020";"ESTEE.LAUDER.COS..A.";0,225545456890908
"2020";"EXPEDITORS.INTL.OF.WASH..A";0,199248770749831
"2020";"EXXON.MOBIL";0,186953641653445
"2020";"FMC";0,278097213126941
"2020";"NEXTERA.ENERGY";0,158491290016762
"2020";"ASSURANT";0,211968290481328
"2020";"FASTENAL";0,253748207513967
"2020";"FEDERAL.REALTY.INV.TST.";0,174805023972948
"2020";"FIFTH.THIRD.BANCORP";0,251774600118118
"2020";"M.T.BANK";0,21557584780222
"2020";"FISERV";0,185678990640333
"2020";"FLIR.SYSTEMS.DEAD";0,23419190962807
"2020";"MACY.S";0,381515957542194
"2020";"FRANKLIN.RESOURCES";0,242474226244529
"2020";"FREEPORT.MCMORAN";0,568140077608934
"2020";"ARTHUR.J.GALLAGHER";0,156652286916192
"2020";"GAP";0,362861330620007
"2020";"GENERAL.DYNAMICS";0,186512260938237
"2020";"GENERAL.MILLS";0,190992627678323
"2020";"GENUINE.PARTS";0,188833804985079
"2020";"GILEAD.SCIENCES";0,246867331610368
"2020";"GARTNER..A.";0,22124466679119
"2020";"MCKESSON";0,276660463139269
"2020";"NVIDIA";0,419460151612398
"2020";"GE.AEROSPACE";0,292844040964317
"2020";"WW.GRAINGER";0,267255048549346
"2020";"HALLIBURTON";0,317005154439297
"2020";"GOLDMAN.SACHS.GP.";0,233687205077668
"2020";"HARLEY.DAVIDSON";0,294273804240964
"2020";"HASBRO";0,274959176809403
"2020";"HENRY.SCHEIN";0,21906325419199
"2020";"HELMERICH...PAYNE";0,37628122656523
"2020";"HERSHEY";0,193724983137093
"2020";"F5";0,253763456750865
"2020";"JUNIPER.NETWORKS.DEAD";0,256633962145146
"2020";"HOLOGIC.DEAD";0,230126806978357
"2020";"UNUM.GROUP";0,262902393819676
"2020";"HOME.DEPOT";0,184989848501406
"2020";"HORMEL.FOODS";0,200377832477462
"2020";"CENTERPOINT.EN.";0,185985291875233
"2020";"HUMANA";0,261101612676953
"2020";"HUNT.JB.TRANSPORT.SVS.";0,21825650722603
"2020";"HUNTINGTON.BCSH.";0,243940260125453
"2020";"BIOGEN";0,364002956218598
"2020";"IDEX";0,186148682741266
"2020";"ILLINOIS.TOOL.WORKS";0,195793857679461
"2020";"INTUIT";0,231806014211282
"2020";"IDEXX.LABORATORIES";0,274281042071507
"2020";"INTEL";0,251305523307291
"2020";"INTL.FLAVORS...FRAG.";0,231923079095219
"2020";"INTERNATIONAL.PAPER";0,240171126072401
"2020";"INTERPUBLIC.GROUP.DEAD";0,237007070379556
"2020";"JACOBS.SOLUTIONS";0,249518929350525
"2020";"JACK.HENRY.AND.ASSOCIATES";0,16275090919631
"2020";"INCYTE";0,413792145945949
"2020";"JOHNSON...JOHNSON";0,160106175369645
"2020";"HARTFORD.INSURANCE.GROUP";0,192006522226857
"2020";"KLA";0,290707344048672
"2020";"DEVON.ENERGY";0,429888520087233
"2020";"KELLANOVA.DEAD";0,192402393221509
"2020";"KEYCORP";0,260028841835576
"2020";"KIMCO.REALTY";0,224985126626953
"2020";"KIMBERLY.CLARK";0,1829163248638
"2020";"BLACKROCK";0,216890738736565
"2020";"KOHL.S";0,379668969114256
"2020";"KROGER";0,281581777193529
"2020";"LAM.RESEARCH";0,319439162940825
"2020";"PACKAGING.CORP.OF.AM.";0,251843499479983
"2020";"AKAMAI.TECHS.";0,316548253280544
"2020";"LEGGETT.PLATT";0,221827525863626
"2020";"LENNAR.A.A";0,264519213583047
"2020";"ELI.LILLY";0,218167092137321
"2020";"LINCOLN.NATIONAL";0,286655378855954
"2020";"UNITED.PARCEL.SER..B.";0,197370087519863
"2020";"AGILENT.TECHS.";0,226556625322469
"2020";"LOCKHEED.MARTIN";0,172438805807131
"2020";"LOEWS";0,167924220559334
"2020";"CARNIVAL";0,244176158103226
"2020";"LOWE.S.COMPANIES";0,23616069147576
"2020";"DOMINION.ENERGY";0,156347985801081
"2020";"MGM.RESORTS.INTL.";0,315949682691232
"2020";"MCCORMICK...COMPANY.NV.";0,182605044335703
"2020";"MCDONALDS";0,16579580242615
"2020";"EVEREST.GROUP";0,184885039565762
"2020";"EDWARDS.LIFESCIENCES";0,287817119105685
"2020";"HOST.HOTELS...RESORTS.REIT";0,237736684997668
"2020";"MARSH";0,158135457273242
"2020";"MASCO";0,247459823390494
"2020";"MARTIN.MRTA.MATS.";0,280327438927213
"2020";"METLIFE";0,242763611029399
"2020";"MAXIM.INTEGRATED.PRDS..DEAD";0,263095720649451
"2020";"ACTIVISION.BLIZZARD.DEAD";0,321647855244238
"2020";"CVS.HEALTH";0,233829794471012
"2020";"LABCORP.HOLDINGS";0,200850622988868
"2020";"MICROSOFT";0,228945932704166
"2020";"MICRON.TECHNOLOGY";0,454296268796298
"2020";"MID.AMER.APT.COMMUNITIES";0,179743902353327
"2020";"MICROCHIP.TECH.";0,283021277854129
"2020";"X3M";0,192679744321145
"2020";"MOHAWK.INDUSTRIES";0,278779816703328
"2020";"KANSAS.CITY.SOUTHERN.DEAD";0,25179858485494
"2020";"ILLUMINA";0,370837260286707
"2020";"XCEL.ENERGY";0,158429951187668
"2020";"FORD.MOTOR";0,239654910749655
"2020";"NOV";0,360363705401384
"2020";"NETAPP";0,311503344455805
"2020";"NEWELL.BRANDS..XSC.";0,359399781818525
"2020";"NEWMONT";0,349302602291242
"2020";"NVR";0,236062363560196
"2020";"NIKE..B.";0,23170455937157
"2020";"NOBLE.ENERGY.DEAD";0,377287030599889
"2020";"NORDSTROM.DEAD";0,360561430072193
"2020";"NORFOLK.SOUTHERN";0,245509247124906
"2020";"NISOURCE";0,188640357841847
"2020";"NORTHERN.TRUST";0,231156591199577
"2020";"NORTHROP.GRUMMAN";0,19863076732254
"2020";"WELLS.FARGO...CO";0,206870596633626
"2020";"NUCOR";0,270121727040127
"2020";"CAPITAL.ONE.FINL.";0,242194347265732
"2020";"OCCIDENTAL.PTL.";0,24840173317987
"2020";"OLD.DOMINION.FGT.LINES";0,249530843129509
"2020";"ORACLE";0,205275403202162
"2020";"PACCAR";0,233168418165279
"2020";"EXELON";0,188195347639869
"2020";"PARKER.HANNIFIN";0,23275612997457
"2020";"PAYCHEX";0,170068652160281
"2020";"ALIGN.TECHNOLOGY";0,374118171276146
"2020";"PPL";0,176543773072042
"2020";"PEPSICO";0,142079754983598
"2020";"PFIZER";0,177132324036066
"2020";"CONOCOPHILLIPS";0,310948883004122
"2020";"PIONEER.NTRL.RES..DEAD";0,341259547221468
"2020";"ALTRIA.GROUP";0,198341553231724
"2020";"PNC.FINL.SVS.GP.";0,204659793557222
"2020";"PPG.INDUSTRIES";0,206534933027911
"2020";"IPG.PHOTONICS";0,376062374789148
"2020";"COSTCO.WHOLESALE";0,183348974291027
"2020";"T.ROWE.PRICE.GROUP";0,214140631183894
"2020";"QUEST.DIAGNOSTICS";0,200489141928162
"2020";"PROCTER...GAMBLE";0,153647961260575
"2020";"PROGRESSIVE.OHIO";0,188373195751174
"2020";"PUB.SER.ENTER.GP.";0,170896520210372
"2020";"PULTEGROUP";0,265967566403888
"2020";"GLOBAL.PAYMENTS";0,247531879983144
"2020";"QUALCOMM";0,309787861742093
"2020";"RAYMOND.JAMES.FINL.";0,246799880945426
"2020";"REALTY.INCOME";0,189253114082039
"2020";"REGENCY.CENTERS";0,185652166825443
"2020";"UDR";0,177650933542833
"2020";"REGENERON.PHARMS.";0,323712061343049
"2020";"RESMED";0,256679703454208
"2020";"US.BANCORP";0,178038421985642
"2020";"ROSS.STORES";0,2353893383534
"2020";"ROLLINS";0,204690433778817
"2020";"ROPER.TECHNOLOGIES";0,190505412845934
"2020";"ROCKWELL.AUTOMATION";0,238411480103805
"2020";"ROYAL.CARIBBEAN.GROUP";0,297307398805547
"2020";"RAYTHEON..B..DEAD";0,189901445536194
"2020";"BREAD.FINANCIAL.HOLDINGS";0,291678485148904
"2020";"TRAVELERS.COS.";0,167652655933613
"2020";"FIDELITY.NAT.INFO.SVS.";0,195156517564504
"2020";"MERCK...COMPANY";0,191478969880309
"2020";"SLB";0,257987482443158
"2020";"CHARLES.SCHWAB";0,283671494188841
"2020";"ZIMMER.BIOMET.HDG.";0,216655528285874
"2020";"CENCORA";0,258838901222412
"2020";"PRINCIPAL.FINL.GP.";0,243092903236075
"2020";"SHERWIN.WILLIAMS";0,213655910710726
"2020";"CENTENE";0,326967416670608
"2020";"SVB.FINANCIAL.GROUP.DEAD";0,355528903475913
"2020";"SIMON.PROPERTY.GROUP";0,191166006840646
"2020";"SMITH..AO.";0,234168611995191
"2020";"SNAP.ON";0,217382651211946
"2020";"PRUDENTIAL.FINL.";0,246291657492303
"2020";"ADV.AUTO.PARTS";0,309939077343516
"2020";"EDISON.INTL.";0,23808343262789
"2020";"SOUTHERN";0,15361455625576
"2020";"SOUTHWEST.AIRLINES";0,272870461779188
"2020";"AT.T";0,177260287927853
"2020";"CHEVRON";0,216512410755668
"2020";"STATE.STREET";0,256871501975087
"2020";"STARBUCKS";0,202457695576761
"2020";"PUBLIC.STORAGE";0,18273364553445
"2020";"STRYKER";0,192750054611302
"2020";"NETFLIX";0,409286077370453
"2020";"SYNOPSYS";0,207172696448529
"2020";"SYSCO";0,17884418446472
"2020";"INTUITIVE.SURGICAL";0,248621205086097
"2020";"TELEFLEX";0,227379369746265
"2020";"TEXAS.INSTRUMENTS";0,244273071783785
"2020";"TEXTRON";0,245634402946989
"2020";"THERMO.FISHER.SCIENTIFIC";0,206259360008708
"2020";"TIFFANY...CO.DEAD";0,316644182478098
"2020";"DAVITA";0,260812025456061
"2020";"TRACTOR.SUPPLY";0,257570675998204
"2020";"TYSON.FOODS..A.";0,247052947279441
"2020";"MARATHON.OIL.DEAD";0,467661795559775
"2020";"UNION.PACIFIC";0,2310153835556
"2020";"RTX";0,186165355844409
"2020";"UNITEDHEALTH.GROUP";0,214168698737506
"2020";"UNIVERSAL.HEALTH.SVS..B.";0,255216873910726
"2020";"VARIAN.MEDICAL.SYSTEMS.DEAD";0,221128461577776
"2020";"VENTAS";0,21192827802385
"2020";"V.F";0,241994872553494
"2020";"VERTEX.PHARMS.";0,364197654537084
"2020";"VULCAN.MATERIALS";0,266780172881323
"2020";"VORNADO.REALTY.TRUST";0,18127838429137
"2020";"WALMART";0,192303508558856
"2020";"WASTE.MANAGEMENT";0,145914420762113
"2020";"WATERS";0,22146396219703
"2020";"J.M.SMUCKER";0,210216143412963
"2020";"WESTERN.DIGITAL";0,403903209179036
"2020";"WABTEC";0,27984129519527
"2020";"WEYERHAEUSER";0,21820464016236
"2020";"WHIRLPOOL";0,283957150615284
"2020";"SKYWORKS.SOLUTIONS";0,342374765824085
"2020";"WYNN.RESORTS";0,437083701625622
"2020";"NASDAQ";0,183147859137967
"2020";"CME.GROUP";0,189294051556227
"2020";"WILLIAMS";0,452781154348792
"2020";"LKQ";0,248870689559912
"2020";"ALLIANT.ENERGY..XSC.";0,164656292285655
"2020";"CARMAX";0,278161034267823
"2020";"XILINX.DEAD";0,29982207081083
"2020";"CIMAREX.EN..DEAD";0,368306419359867
"2020";"TJX";0,197436500910346
"2020";"ZEBRA.TECHNOLOGIES..A.";0,380040090095805
"2020";"ZIONS.BANCORP.";0,265298522396822
"2020";"REGIONS.FINL.NEW";0,271218296786527
"2020";"EXTRA.SPACE.STRG.";0,200434359243378
"2020";"LAS.VEGAS.SANDS";0,303005888605209
"2020";"DIGITAL.REALTY.TST.";0,21373446616916
"2020";"MARKETAXESS.HOLDINGS";0,263537104716979
"2020";"CELANESE";0,252540263821322
"2020";"MOLSON.COORS.BEVERAGE.COMPANY.B";0,244553758362041
"2020";"CF.INDUSTRIES.HDG.";0,381069061656229
"2020";"AMERIPRISE.FINL.";0,262303928007041
"2020";"UNDER.ARMOUR.A";0,44100854850252
"2020";"LIVE.NATION.ENTM.";0,258264226653082
"2020";"CHIPOTLE.MEXN.GRILL";0,330081771478658
"2020";"TRANSDIGM.GROUP";0,244970478293915
"2020";"MASTERCARD";0,212031962773665
"2020";"HANESBRANDS.DEAD";0,340757492946828
"2020";"WESTERN.UNION";0,20422315801518
"2020";"BROADRIDGE.FINL.SLTN.";0,196990965832306
"2020";"PEOPLES.UNITED.FINANCIAL.DEAD";0,198095755514299
"2020";"DELTA.AIR.LINES";0,271693891573476
"2020";"DISCOVER.FINANCIAL.SVS..DEAD";0,220228613158728
"2020";"CONCHO.RESOURCES.DEAD";0,38030124945286
"2020";"BANK.OF.NEW.YORK.MELLON";0,217012896762835
"2020";"ULTA.BEAUTY";0,323705474194287
"2020";"INVESCO";0,267268361548833
"2020";"MSCI";0,22462167677022
"2020";"PHILIP.MORRIS.INTL.";0,205231854977772
"2020";"VISA..A.";0,200465846179411
"2020";"AMERICAN.WATER.WORKS";0,166022677379178
"2020";"CHUBB";0,162177595385279
"2020";"WARNER.BROS.DISCOVERY.SERIES.A";0,313118434556696
"2020";"DISCOVERY.SERIES.C.DEAD";0,302683648895974
"2020";"MARATHON.PETROLEUM";0,326130518684289
"2020";"FORTUNE.BRANDS.INNOVATIONS";0,236419601654879
"2020";"MOSAIC";0,351396943698825
"2020";"KINDER.MORGAN";0,293818455639813
"2020";"XYLEM";0,209273690112397
"2020";"STANLEY.BLACK...DECKER";0,233919290948168
"2020";"LYONDELLBASELL.INDS.CL.A";0,271740536880545
"2020";"PVH";0,316266245442126
"2020";"GARMIN";0,247824526477416
"2020";"HNTGTN.INGALLS.INDS.";0,248158283904563
"2020";"PROLOGIS.REIT";0,19586895104317
"2020";"ACCENTURE.CLASS.A";0,189670167094099
"2020";"HCA.HEALTHCARE";0,256090065216513
"2020";"VERISK.ANALYTICS.CL.A";0,18297961931154
"2020";"UNITED.AIRLINES.HOLDINGS";0,317033093993421
"2020";"CORPAY";0,25646594579294
"2020";"RALPH.LAUREN.CL.A";0,333494354827476
"2020";"FIRST.REPUBLIC.BANK";0,227905230823895
"2020";"CBOE.GLOBAL.MARKETS.BTS.";0,194347910290156
"2020";"SEAGATE.TECHNOLOGY.HOLDINGS";0,398648320639298
"2020";"DOLLAR.GENERAL";0,242381982016628
"2020";"FORTINET";0,328299654406517
"2020";"MOTOROLA.SOLUTIONS";0,208310646063917
"2020";"AON.CLASS.A";0,170245139274187
"2020";"HF.SINCLAIR";0,368300495966552
"2020";"TE.CONNECTIVITY";0,2073001816778
"2020";"TRANE.TECHNOLOGIES";0,20797713253955
"2020";"O.REILLY.AUTOMOTIVE";0,250625337842549
"2020";"GENERAL.MOTORS";0,252759084871123
"2020";"CBRE.GROUP.CLASS.A";0,253067906413078
"2020";"EXPEDIA.GROUP";0,315164732932405
"2020";"APTIV";0,288888877173069
"2020";"PHILLIPS.66";0,230276381022443
"2020";"AMERICAN.TOWER";0,188438639068725
"2020";"META.PLATFORMS.A";0,277277401659171
"2020";"DUKE.ENERGY";0,153186932958935
"2020";"DIAMONDBACK.ENERGY";0,367606834580576
"2020";"SERVICENOW";0,346742722065424
"2020";"MONDELEZ.INTERNATIONAL.CL.A";0,199059631516592
"2020";"EATON";0,218442969359053
"2020";"ABBVIE";0,278981612371357
"2020";"T.MOBILE.US";0,243280037680576
"2020";"ZOETIS.A";0,222610216907506
"2020";"NORWEGIAN.CRUISE.LINE.HDG.";0,301843752138841
"2020";"BATH.AND.BODY.WORKS";0,377980597960615
"2020";"COTY.CL.A";0,409887820183783
"2020";"NEWS..A.";0,252424301060152
"2020";"NEWS..B.";0,245507085764852
"2020";"CDW";0,233513622040841
"2020";"AMERICAN.AIRLINES.GROUP";0,351600618564772
"2020";"IHS.MARKIT.DEAD";0,190106279898155
"2020";"HOWMET.AEROSPACE";0,374126738279545
"2020";"WILLIS.TOWERS.WATSON";0,185858934037921
"2020";"UNDER.ARMOUR..C.";0,457322290634879
"2020";"BAKER.HUGHES.A";0,330746499864106
"2020";"LAMB.WESTON.HOLDINGS";0,212566849149623
"2020";"IQVIA.HOLDINGS";0,222766361711828
"2020";"BOOKING.HOLDINGS";0,252902865420604
"2020";"TECHNIPFMC";0,325184335947953
"2020";"LEIDOS.HOLDINGS";0,240464876560993
"2020";"BROADCOM";0,317654293144035
"2020";"TAPESTRY";0,320552416295672
"2020";"TWITTER.DEAD";0,499459498277943
"2020";"EVERGY";0,162268186818028
"2020";"ALLEGION";0,20209697765989
"2020";"INTERCONTINENTAL.EX.";0,191619494388011
"2020";"STERIS";0,201179337604422
"2020";"PERRIGO";0,36296920522549
"2020";"CIGNA";0,253665515913934
"2020";"CAPRI.HOLDINGS";0,385766422806668
"2020";"HEALTHPEAK.PROPERTIES";0,226907793872426
"2020";"XEROX.HOLDINGS";0,293770836626261
"2020";"APARTMENT.INV...MAN..A.";0,184179905174857
"2020";"GEN.DIGITAL";0,31517367669662
"2020";"DUPONT.DE.NEMOURS";0,299349485527132
"2020";"GLOBE.LIFE";0,168817714042087
"2020";"L3HARRIS.TECHNOLOGIES";0,220742792242696
"2020";"TRUIST.FINANCIAL";0,205209815891909
"2020";"PARAMOUNT.SKYDANCE.B";0,246155085025304
"2020";"PAYCOM.SOFTWARE";0,403111908468847
"2020";"PENTAIR";0,239812229936264
"2020";"ARISTA.NETWORKS";0,411727339872362
"2020";"SYNCHRONY.FINANCIAL";0,264581259727609
"2020";"CITIZENS.FINANCIAL.GROUP";0,260865755093866
"2020";"KEYSIGHT.TECHNOLOGIES";0,277118893048131
"2020";"QORVO";0,407498061678757
"2020";"ELEVANCE.HEALTH";0,240583578129842
"2020";"CROWN.CASTLE";0,177337775344705
"2020";"MEDTRONIC";0,181644217515933
"2020";"WALGREENS.BOOTS.ALLIANCE.DEAD";0,241709416240365
"2020";"VIATRIS";0,390291511095124
"2020";"IRON.MOUNTAIN";0,223665613595495
"2020";"EQUINIX.REIT";0,217067701328555
"2020";"EVERSOURCE.ENERGY";0,160582424330678
"2020";"NIELSEN.DEAD";0,274425166032221
"2020";"JOHNSON.CONTROLS.INTL.";0,217438890948495
"2020";"ALLERGAN.DEAD";0,296889880171325
"2020";"DENTSPLY.SIRONA";0,234924017665131
"2020";"WESTROCK.DEAD";0,300346281184253
"2020";"KRAFT.HEINZ";0,264056997850034
"2020";"FORTIVE";0,211409182976318
"2020";"S.P.GLOBAL";0,208799301458363
"2020";"HILTON.WORLDWIDE.HDG.";0,22926839159291
"2020";"ALPHABET..A.";0,23345822023033
"2020";"WELLTOWER";0,206277159196789
"2020";"HEWLETT.PACKARD.ENTER.";0,306065055913762
"2020";"PAYPAL.HOLDINGS";0,281717411759208
"2020";"HP";0,289141785067172
"2020";"DXC.TECHNOLOGY";0,37545247907282
"2020";"ALPHABET..C.";0,235716296368952
"2020";"WEC.ENERGY.GROUP";0,162919860583386
"2020";"MONSTER.BEVERAGE";0,274520652973591
"2020";"LINDE..NYS.";0,188545783788674
"2020";"SBA.COMMS.";0,221389468025855
"2020";"CHARTER.COMMS.CL.A";0,265383693922401
"2025";"AMAZON.COM";0,35316404691441
"2025";"ABBOTT.LABORATORIES";0,256581170319763
"2025";"AES";0,39447826480567
"2025";"INTERNATIONAL.BUS.MCHS.";0,261849281105159
"2025";"ADVANCED.MICRO.DEVICES";0,515788875125725
"2025";"ADOBE..NAS.";0,381579286191345
"2025";"ALEXANDRIA.REAL.ESTATE.EQUITIES.REIT";0,308502935864956
"2025";"AIR.PRDS...CHEMS.";0,296939769237693
"2025";"BXP";0,387770149015574
"2025";"ALLSTATE.ORD.SHS";0,288088521586236
"2025";"HONEYWELL.INTL.";0,266790501415056
"2025";"AMGEN";0,257134691830397
"2025";"HESS.DEAD";0,476800190293492
"2025";"AMERICAN.EXPRESS";0,378394331867183
"2025";"AMER.ELEC.PWR.";0,243523256519294
"2025";"AFLAC";0,31564563109708
"2025";"AMERICAN.INTL.GP.";0,394674464923736
"2025";"ANALOG.DEVICES";0,347670193516322
"2025";"VALERO.ENERGY";0,476236962843693
"2025";"COMCAST.A";0,281177591259255
"2025";"ANSYS.DEAD";0,353099791027251
"2025";"APPLE";0,311073377110768
"2025";"APPLIED.MATS.";0,45863634401915
"2025";"ALBEMARLE";0,525472559471459
"2025";"ARCHER.DANIELS.MIDLAND";0,29860069043195
"2025";"PINNACLE.WEST.CAP.";0,271632127754447
"2025";"AMEREN";0,257487856829406
"2025";"AUTODESK";0,385161062335078
"2025";"AUTOMATIC.DATA.PROC.";0,271249151980969
"2025";"AUTOZONE";0,277500911815801
"2025";"AVERY.DENNISON";0,306716806790165
"2025";"BALL";0,322301601415666
"2025";"BERKSHIRE.HATHAWAY..B.";0,213388088637981
"2025";"BAXTER.INTL.";0,290773758221592
"2025";"BECTON.DICKINSON";0,238882173265045
"2025";"AMETEK";0,274205020060988
"2025";"VERIZON.COMMUNICATIONS";0,2101993613187
"2025";"W.R.BERKLEY";0,291957354701499
"2025";"BEST.BUY";0,382334902139918
"2025";"YUM..BRANDS";0,255330189242485
"2025";"FIRSTENERGY";0,290124321238887
"2025";"BOEING";0,501410944043602
"2025";"BORGWARNER";0,366509120981178
"2025";"BOSTON.SCIENTIFIC";0,275060026112549
"2025";"CH.ROBINSON.WWD.";0,290266539290752
"2025";"TAKE.TWO.INTACT.SFTW.";0,338226134449104
"2025";"METTLER.TOLEDO.INTL.";0,321684511362468
"2025";"BRISTOL.MYERS.SQUIBB";0,232518110752573
"2025";"ONEOK";0,478681508516555
"2025";"AVALONBAY.COMMNS.";0,294340571979013
"2025";"UNITED.RENTALS";0,446328598679829
"2025";"SEMPRA";0,273882905756896
"2025";"FEDEX";0,366303108721136
"2025";"VERISIGN";0,274829037249144
"2025";"AMPHENOL..A.";0,278469270877284
"2025";"BROWN.FORMAN..B.";0,274100655780985
"2025";"QUANTA.SERVICES";0,36080391751918
"2025";"CSX";0,287448360597298
"2025";"COTERRA.ENERGY";0,387988209179971
"2025";"THE.CAMPBELL.S.COMPANY";0,240977240661658
"2025";"CAMDEN.PROPERTY.TST.";0,287609451559558
"2025";"CONSTELLATION.BRANDS..A.";0,272830906290241
"2025";"CARDINAL.HEALTH";0,29274436785804
"2025";"CATERPILLAR";0,318936391588039
"2025";"JP.MORGAN.CHASE...CO.";0,319227974680542
"2025";"CHURCH...DWIGHT.CO.";0,224490035471642
"2025";"CINCINNATI.FINL.";0,350246273216061
"2025";"CINTAS";0,30569705339709
"2025";"CISCO.SYSTEMS";0,267842064524055
"2025";"CLOROX";0,265538315335163
"2025";"COCA.COLA";0,204197918360504
"2025";"COPART";0,300694134138043
"2025";"COLGATE.PALM.";0,203119923283907
"2025";"MARRIOTT.INTL..A.";0,38910156637336
"2025";"MOLINA.HEALTHCARE";0,364732282084896
"2025";"NRG.ENERGY";0,369113879412893
"2025";"CONAGRA.BRANDS";0,239699968937004
"2025";"CONSOLIDATED.EDISON";0,242983455310605
"2025";"CMS.ENERGY";0,241702543768036
"2025";"CORNING";0,325099217118136
"2025";"CUMMINS";0,292086601992197
"2025";"D.R.HORTON";0,402128963658061
"2025";"DANAHER";0,275062568481205
"2025";"MOODY.S";0,310685980952887
"2025";"COGNIZANT.TECH.SLTN..A.";0,309400520215787
"2025";"TARGET";0,35177547193656
"2025";"DEERE";0,325370439262688
"2025";"MORGAN.STANLEY";0,350643399025731
"2025";"REPUBLIC.SVS..A.";0,217972360956778
"2025";"COSTAR.GP.";0,349990029625404
"2025";"DECKERS.OUTDOOR";0,432939323110174
"2025";"WALT.DISNEY";0,333497595111919
"2025";"DOLLAR.TREE";0,389787482142163
"2025";"DOVER";0,289297488244877
"2025";"OMNICOM.GROUP";0,316326662524198
"2025";"DTE.ENERGY";0,268695566614938
"2025";"DARDEN.RESTAURANTS";0,439860175838502
"2025";"EBAY";0,322030447829778
"2025";"BANK.OF.AMERICA";0,350824200811965
"2025";"CITIGROUP";0,384274791135361
"2025";"EASTMAN.CHEMICAL";0,33853055129984
"2025";"CADENCE.DESIGN.SYS.";0,363865509133433
"2025";"ECOLAB";0,303230508326978
"2025";"REVVITY";0,324005587421679
"2025";"ELECTRONIC.ARTS";0,255317030614103
"2025";"SALESFORCE";0,392900690250745
"2025";"ERIE.INDEMNITY..A.";0,3204483903258
"2025";"EMERSON.ELECTRIC";0,320545171727039
"2025";"ATMOS.ENERGY";0,250033789973759
"2025";"ESSEX.PROPERTY.TST.";0,304919754724964
"2025";"ENTERGY";0,285122800942655
"2025";"EOG.RES.";0,459842188709168
"2025";"EQUIFAX";0,333005963052856
"2025";"EQUITY.RESD.TST.PROPS..SHBI";0,297759665712909
"2025";"EQT";0,558813497606282
"2025";"ESTEE.LAUDER.COS..A.";0,386189550905879
"2025";"EXPEDITORS.INTL.OF.WASH..A";0,257452857444505
"2025";"EXXON.MOBIL";0,337468732437345
"2025";"FMC";0,376426195137725
"2025";"NEXTERA.ENERGY";0,298423595636647
"2025";"FACTSET.RESEARCH.SYS.";0,284475579736155
"2025";"FAIR.ISAAC";0,4067319217977
"2025";"ASSURANT";0,303059631314714
"2025";"FASTENAL";0,269243297425452
"2025";"FIFTH.THIRD.BANCORP";0,435555211192639
"2025";"M.T.BANK";0,400711378346989
"2025";"FISERV";0,295906986554209
"2025";"FRANKLIN.RESOURCES";0,375253135285263
"2025";"FREEPORT.MCMORAN";0,502993325990969
"2025";"ARTHUR.J.GALLAGHER";0,253934378158484
"2025";"GENERAL.DYNAMICS";0,245701630646278
"2025";"GENERAL.MILLS";0,220061192684832
"2025";"GENUINE.PARTS";0,323353730099118
"2025";"GILEAD.SCIENCES";0,257296162692301
"2025";"GARTNER..A.";0,335285361130386
"2025";"MCKESSON";0,284451656807353
"2025";"NVIDIA";0,528929497797215
"2025";"WW.GRAINGER";0,286025376246641
"2025";"HALLIBURTON";0,543281060494766
"2025";"GOLDMAN.SACHS.GP.";0,325101151813734
"2025";"HASBRO";0,362452718446081
"2025";"HENRY.SCHEIN";0,294142133133002
"2025";"HERSHEY";0,239003937533486
"2025";"F5";0,308031106131005
"2025";"JUNIPER.NETWORKS.DEAD";0,279887391942317
"2025";"HOLOGIC.DEAD";0,28958471066362
"2025";"HOME.DEPOT";0,283261523307031
"2025";"HORMEL.FOODS";0,238640267289595
"2025";"CENTERPOINT.EN.";0,317774959837617
"2025";"LENNOX.INTL.";0,3117075157448
"2025";"HUMANA";0,355688027754401
"2025";"HUNT.JB.TRANSPORT.SVS.";0,308267052232022
"2025";"HUNTINGTON.BCSH.";0,404895275893455
"2025";"BIOGEN";0,458123105084213
"2025";"IDEX";0,257576329410449
"2025";"ILLINOIS.TOOL.WORKS";0,25732058783052
"2025";"INTUIT";0,369187741647099
"2025";"IDEXX.LABORATORIES";0,340125855716271
"2025";"INTEL";0,426527196821387
"2025";"INTL.FLAVORS...FRAG.";0,331652658612705
"2025";"INTERNATIONAL.PAPER";0,336289170142702
"2025";"INTERPUBLIC.GROUP.DEAD";0,356289929758328
"2025";"JACK.HENRY.AND.ASSOCIATES";0,26798223091163
"2025";"JABIL";0,400040421473692
"2025";"INCYTE";0,309748180791777
"2025";"JOHNSON...JOHNSON";0,192899143454469
"2025";"HARTFORD.INSURANCE.GROUP";0,358789460443826
"2025";"KLA";0,454173625170153
"2025";"DEVON.ENERGY";0,569123693150936
"2025";"KELLANOVA.DEAD";0,231796381937184
"2025";"KEYCORP";0,486521193008195
"2025";"KIMCO.REALTY";0,412765665315865
"2025";"KIMBERLY.CLARK";0,210128440091371
"2025";"KROGER";0,278478282759379
"2025";"TELEDYNE.TECHS.";0,310505669419627
"2025";"PACKAGING.CORP.OF.AM.";0,289348203883129
"2025";"AKAMAI.TECHS.";0,292846595599236
"2025";"LENNAR.A.A";0,428884779657059
"2025";"ELI.LILLY";0,319627684891064
"2025";"UNITED.PARCEL.SER..B.";0,296764934890198
"2025";"AGILENT.TECHS.";0,291162973645724
"2025";"LOCKHEED.MARTIN";0,256123124861047
"2025";"LOEWS";0,3124473451906
"2025";"CARNIVAL";0,728003779740144
"2025";"LOWE.S.COMPANIES";0,320131949793625
"2025";"DOMINION.ENERGY";0,277801070943522
"2025";"MGM.RESORTS.INTL.";0,541776052551547
"2025";"MCCORMICK...COMPANY.NV.";0,258958594126095
"2025";"MCDONALDS";0,229995811352193
"2025";"EVEREST.GROUP";0,315510662125697
"2025";"EDWARDS.LIFESCIENCES";0,3570892563377
"2025";"HOST.HOTELS...RESORTS.REIT";0,410516665819116
"2025";"MARSH";0,229315817270085
"2025";"MASCO";0,30654159102147
"2025";"MARTIN.MRTA.MATS.";0,34243803371873
"2025";"METLIFE";0,344918773033992
"2025";"CVS.HEALTH";0,298656663622584
"2025";"ON.SEMICONDUCTOR";0,557568709771378
"2025";"MICROSOFT";0,29943797053086
"2025";"MICRON.TECHNOLOGY";0,46287388779465
"2025";"MID.AMER.APT.COMMUNITIES";0,282933697156356
"2025";"MICROCHIP.TECH.";0,435966224395519
"2025";"X3M";0,289821537797536
"2025";"MOHAWK.INDUSTRIES";0,47545845038631
"2025";"CHAS.RVR.LABS.INTL.";0,391311717166227
"2025";"XCEL.ENERGY";0,251165325832992
"2025";"FORD.MOTOR";0,43673823219054
"2025";"NETAPP";0,354131860044585
"2025";"NEWMONT";0,360733829029892
"2025";"NVR";0,360196007816156
"2025";"NIKE..B.";0,341427628717012
"2025";"NORDSON";0,307001237526595
"2025";"NORFOLK.SOUTHERN";0,306966956326214
"2025";"NISOURCE";0,265772997128141
"2025";"NORTHERN.TRUST";0,346386629622936
"2025";"NORTHROP.GRUMMAN";0,270231731839444
"2025";"WELLS.FARGO...CO";0,383946004062975
"2025";"NUCOR";0,40628718901067
"2025";"CAPITAL.ONE.FINL.";0,438651793512433
"2025";"OCCIDENTAL.PTL.";0,612609192810785
"2025";"OLD.DOMINION.FGT.LINES";0,348626625523125
"2025";"ORACLE";0,322149866767485
"2025";"PACCAR";0,271344259454653
"2025";"EXELON";0,28364877866665
"2025";"PARKER.HANNIFIN";0,358379263471256
"2025";"PAYCHEX";0,289157773349005
"2025";"ALIGN.TECHNOLOGY";0,532207386437968
"2025";"PPL";0,264426517790801
"2025";"PEPSICO";0,216215903382503
"2025";"PFIZER";0,269601475634012
"2025";"CONOCOPHILLIPS";0,432990851859945
"2025";"PG.E";0,406931498492727
"2025";"ALTRIA.GROUP";0,240258022031166
"2025";"PNC.FINL.SVS.GP.";0,353156433367516
"2025";"BROWN...BROWN";0,264864954853856
"2025";"PPG.INDUSTRIES";0,298052203147775
"2025";"COSTCO.WHOLESALE";0,237032781316537
"2025";"T.ROWE.PRICE.GROUP";0,343541332729909
"2025";"QUEST.DIAGNOSTICS";0,261086014914151
"2025";"PROCTER...GAMBLE";0,205477326903568
"2025";"PROGRESSIVE.OHIO";0,269028880327873
"2025";"PUB.SER.ENTER.GP.";0,252352224027193
"2025";"PULTEGROUP";0,422919236193804
"2025";"GLOBAL.PAYMENTS";0,378379584867892
"2025";"QUALCOMM";0,407247913538089
"2025";"RAYMOND.JAMES.FINL.";0,352707486629048
"2025";"REALTY.INCOME";0,307074537845967
"2025";"REGENCY.CENTERS";0,37235549174255
"2025";"UDR";0,302857232173769
"2025";"REGENERON.PHARMS.";0,30226266718583
"2025";"RESMED";0,354840805583475
"2025";"US.BANCORP";0,372863664250838
"2025";"ARCH.CAP.GP.";0,332445280715905
"2025";"ROSS.STORES";0,370458675294452
"2025";"ROLLINS";0,276764730763898
"2025";"ROPER.TECHNOLOGIES";0,251700510186417
"2025";"ROCKWELL.AUTOMATION";0,343021799882535
"2025";"ROYAL.CARIBBEAN.GROUP";0,65549674731471
"2025";"TRAVELERS.COS.";0,288297964991554
"2025";"FIDELITY.NAT.INFO.SVS.";0,351561737844637
"2025";"MERCK...COMPANY";0,230958338720396
"2025";"SLB";0,481233127729168
"2025";"CHARLES.SCHWAB";0,380432980256083
"2025";"POOL";0,360899090799888
"2025";"ZIMMER.BIOMET.HDG.";0,307516589773676
"2025";"CENCORA";0,257854701911356
"2025";"PRINCIPAL.FINL.GP.";0,372913771033192
"2025";"SHERWIN.WILLIAMS";0,295108134753416
"2025";"CENTENE";0,353008350233694
"2025";"SIMON.PROPERTY.GROUP";0,472307664469963
"2025";"SMITH..AO.";0,296387636905008
"2025";"SNAP.ON";0,302431462902669
"2025";"PRUDENTIAL.FINL.";0,372348819754692
"2025";"EDISON.INTL.";0,277255762954156
"2025";"SOUTHERN";0,260818524398743
"2025";"SOUTHWEST.AIRLINES";0,409318451861601
"2025";"AT.T";0,260841784128756
"2025";"CHEVRON";0,349145480620619
"2025";"STATE.STREET";0,377292579103128
"2025";"STARBUCKS";0,333462976370178
"2025";"STEEL.DYNAMICS";0,434277411799655
"2025";"PUBLIC.STORAGE";0,262994185580791
"2025";"STRYKER";0,301742137707272
"2025";"NETFLIX";0,4468600035147
"2025";"SYNOPSYS";0,358846041495721
"2025";"SYSCO";0,368674249896129
"2025";"INTUITIVE.SURGICAL";0,348845135968072
"2025";"TELEFLEX";0,331890835516247
"2025";"TERADYNE..XSC.";0,447858271021643
"2025";"TEXAS.INSTRUMENTS";0,307662852014771
"2025";"TEXTRON";0,383857204544863
"2025";"THERMO.FISHER.SCIENTIFIC";0,274527170874655
"2025";"DAVITA";0,356782110436542
"2025";"TRACTOR.SUPPLY";0,299512222869911
"2025";"TRIMBLE";0,376880782859473
"2025";"TYLER.TECHNOLOGIES";0,311767086210916
"2025";"TYSON.FOODS..A.";0,305893370931436
"2025";"UNION.PACIFIC";0,270523428298244
"2025";"UNITEDHEALTH.GROUP";0,293276482162699
"2025";"UNIVERSAL.HEALTH.SVS..B.";0,393527175101852
"2025";"VENTAS";0,43576371244805
"2025";"VERTEX.PHARMS.";0,311539611231257
"2025";"VULCAN.MATERIALS";0,329232524270224
"2025";"WALMART";0,221570156138261
"2025";"WASTE.MANAGEMENT";0,220985239404992
"2025";"WATERS";0,321751962458118
"2025";"WEST.PHARM.SVS.";0,34823628763644
"2025";"J.M.SMUCKER";0,239497712730956
"2025";"WESTERN.DIGITAL";0,476722312748929
"2025";"WABTEC";0,330484551221009
"2025";"WEYERHAEUSER";0,382086761248767
"2025";"SKYWORKS.SOLUTIONS";0,406678415686997
"2025";"WYNN.RESORTS";0,528856280237809
"2025";"NASDAQ";0,273446432273742
"2025";"CME.GROUP";0,274964462359956
"2025";"WILLIAMS";0,345378240937461
"2025";"LKQ";0,378797939908749
"2025";"ALLIANT.ENERGY..XSC.";0,246892753617623
"2025";"CARMAX";0,441247633337121
"2025";"TJX";0,308170659091521
"2025";"ZEBRA.TECHNOLOGIES..A.";0,393843936965406
"2025";"REGIONS.FINL.NEW";0,423290564866276
"2025";"DOMINO.S.PIZZA";0,322690368505575
"2025";"MONOLITHIC.PWR.SYS.";0,527063024194051
"2025";"EXTRA.SPACE.STRG.";0,309264722965878
"2025";"LAS.VEGAS.SANDS";0,441932704931103
"2025";"DIGITAL.REALTY.TST.";0,317200028138168
"2025";"MARKETAXESS.HOLDINGS";0,370525997211118
"2025";"CELANESE";0,386863515927683
"2025";"MOLSON.COORS.BEVERAGE.COMPANY.B";0,307466271789113
"2025";"DEXCOM";0,482328942449051
"2025";"BUILDERS.FIRSTSOURCE";0,526597720168519
"2025";"CF.INDUSTRIES.HDG.";0,414996937930026
"2025";"AMERIPRISE.FINL.";0,387395004703534
"2025";"LIVE.NATION.ENTM.";0,452357781642471
"2025";"CHIPOTLE.MEXN.GRILL";0,352588093062089
"2025";"TRANSDIGM.GROUP";0,395777303495035
"2025";"MASTERCARD";0,304129871152739
"2025";"FIRST.SOLAR";0,522540403578738
"2025";"BROADRIDGE.FINL.SLTN.";0,253451260813017
"2025";"DELTA.AIR.LINES";0,480073734961179
"2025";"INSULET";0,438535457660831
"2025";"DISCOVER.FINANCIAL.SVS..DEAD";0,4893855891871
"2025";"BANK.OF.NEW.YORK.MELLON";0,308008329581414
"2025";"LULULEMON.ATHLETICA";0,406423663513589
"2025";"ULTA.BEAUTY";0,406540699112413
"2025";"INVESCO";0,454255261672898
"2025";"MSCI";0,356660565916301
"2025";"PHILIP.MORRIS.INTL.";0,245317414584979
"2025";"VISA..A.";0,273778441600816
"2025";"AMERICAN.WATER.WORKS";0,272817774181987
"2025";"CHUBB";0,282008439362305
"2025";"MARATHON.PETROLEUM";0,462810195827391
"2025";"MOSAIC";0,50651836380241
"2025";"KINDER.MORGAN";0,314847612069984
"2025";"XYLEM";0,305196234335414
"2025";"STANLEY.BLACK...DECKER";0,404191064120355
"2025";"LYONDELLBASELL.INDS.CL.A";0,389494961655935
"2025";"GARMIN";0,293499658281817
"2025";"HNTGTN.INGALLS.INDS.";0,311493422073316
"2025";"PROLOGIS.REIT";0,30960534004771
"2025";"EPAM.SYSTEMS";0,54030490362158
"2025";"ACCENTURE.CLASS.A";0,288839962328434
"2025";"HCA.HEALTHCARE";0,373903648910186
"2025";"VERISK.ANALYTICS.CL.A";0,260109375583633
"2025";"UNITED.AIRLINES.HOLDINGS";0,605673093451387
"2025";"RALPH.LAUREN.CL.A";0,416751870348194
"2025";"NXP.SEMICONDUCTORS";0,428048881211139
"2025";"TARGA.RESOURCES";0,577212980072998
"2025";"CBOE.GLOBAL.MARKETS.BTS.";0,276950962904208
"2025";"DOLLAR.GENERAL";0,33125573882448
"2025";"FORTINET";0,447269570169708
"2025";"MOTOROLA.SOLUTIONS";0,274152578010314
"2025";"TESLA";0,659486307574705
"2025";"GENERAC.HOLDINGS";0,517889412998501
"2025";"O.REILLY.AUTOMOTIVE";0,271044323797802
"2025";"ENPHASE.ENERGY";0,738749952577117
"2025";"GENERAL.MOTORS";0,423469711771258
"2025";"CBRE.GROUP.CLASS.A";0,377137529922824
"2025";"EXPEDIA.GROUP";0,492640840589715
"2025";"PHILLIPS.66";0,419698680656719
"2025";"AMERICAN.TOWER";0,300275501820485
"2025";"META.PLATFORMS.A";0,440755909808364
"2025";"DUKE.ENERGY";0,241924334125012
"2025";"DIAMONDBACK.ENERGY";0,578613433105684
"2025";"SERVICENOW";0,417054777777398
"2025";"PALO.ALTO.NETWORKS";0,412227599885092
"2025";"MONDELEZ.INTERNATIONAL.CL.A";0,216528208851565
"2025";"WORKDAY.CLASS.A";0,39961539761399
"2025";"EATON";0,323074133482954
"2025";"ABBVIE";0,243245487259337
"2025";"T.MOBILE.US";0,26919606106435
"2025";"PTC";0,338332775790528
"2025";"ZOETIS.A";0,28484592958275
"2025";"NORWEGIAN.CRUISE.LINE.HDG.";0,77354197803885
"2025";"NEWS..A.";0,330860900209547
"2025";"NEWS..B.";0,33564028307538
"2025";"CDW";0,322139140082113
"2025";"KEURIG.DR.PEPPER";0,233784446749954
"2025";"INVITATION.HOMES";0,298041227891343
"2025";"WILLIS.TOWERS.WATSON";0,269806857174508
"2025";"HUBBELL";0,315880532698826
"2025";"BAKER.HUGHES.A";0,436764490574386
"2025";"LAMB.WESTON.HOLDINGS";0,400141561465633
"2025";"IQVIA.HOLDINGS";0,335591994037145
"2025";"BOOKING.HOLDINGS";0,366102161952516
"2025";"AXON.ENTERPRISE";0,490359414537656
"2025";"LEIDOS.HOLDINGS";0,294444404031821
"2025";"BROADCOM";0,411229498007085
"2025";"TAPESTRY";0,499311483284613
"2025";"EVERGY";0,277478499144225
"2025";"ALLEGION";0,301942495989085
"2025";"INTERCONTINENTAL.EX.";0,246185188696049
"2025";"DAYFORCE.DEAD";0,455553480083314
"2025";"STERIS";0,283992849939219
"2025";"KKR.AND.CO..ORD..SHS.";0,392364793896293
"2025";"MODERNA";0,733463138867379
"2025";"CIGNA";0,332220149292895
"2025";"DELL.TECHNOLOGIES.C";0,435720342236691
"2025";"DOW.ORD.SHS";0,353623299680199
"2025";"AMCOR";0,290706642000964
"2025";"HEALTHPEAK.PROPERTIES";0,339429978833766
"2025";"FOX.A";0,330225833831782
"2025";"FOX.B";0,319927137219469
"2025";"CROWDSTRIKE.HOLDINGS.A";0,537610928675896
"2025";"GEN.DIGITAL";0,317903905301873
"2025";"DUPONT.DE.NEMOURS";0,334323203170475
"2025";"CARRIER.GLOBAL";0,372934517879437
"2025";"OTIS.WORLDWIDE";0,252738102228687
"2025";"UBER.TECHNOLOGIES";0,535086631513948
"2025";"GLOBE.LIFE";0,406861578460208
"2025";"CORTEVA";0,330544285256219
"2025";"MATCH.GROUP";0,484883171080603
"2025";"L3HARRIS.TECHNOLOGIES";0,274678914752152
"2025";"TRANE.TECHNOLOGIES";0,302636290679548
"2025";"BLACKSTONE";0,405390882167606
"2025";"HOWMET.AEROSPACE";0,431697486955461
"2025";"TRUIST.FINANCIAL";0,410734191246719
"2025";"PARAMOUNT.SKYDANCE.B";0,587404629433525
"2025";"SEAGATE.TECHNOLOGY.HOLDINGS";0,376980007112739
"2025";"GE.AEROSPACE";0,38788155401067
"2025";"INGERSOLL.RAND";0,336307158030961
"2025";"GE.HEALTHCARE.TECHNOLOGIES";0,291269184393828
"2025";"PAYCOM.SOFTWARE";0,496581889367448
"2025";"ARISTA.NETWORKS";0,419288383598708
"2025";"AON.CLASS.A";0,26478026093258
"2025";"PENTAIR";0,324959741138741
"2025";"RTX";0,320703658883761
"2025";"WARNER.BROS.DISCOVERY.SERIES.A";0,533849474200954
"2025";"TEXAS.PACIFIC.LAND.TRUST";0,513124297777856
"2025";"AIRBNB.A";0,480600273678887
"2025";"CONSTELLATION.ENERGY";0,429498289398713
"2025";"VIATRIS";0,354033531691
"2025";"CAESARS.ENTERTAINMENT";0,730505825904125
"2025";"CORPAY";0,346362079847973
"2025";"BLACKROCK";0,309219133629582
"2025";"APOLLO.GLOBAL.MANAGEMENT";0,420255282374143
"2025";"PALANTIR.TECHNOLOGIES.A";0,703632312388834
"2025";"FEDERAL.REALTY.INV.TST.";0,364564007875842
"2025";"JACOBS.SOLUTIONS";0,284378032425269
"2025";"APA";0,685484881827326
"2025";"LINDE..NYS.";0,254605421129593
"2025";"SYNCHRONY.FINANCIAL";0,459795238860548
"2025";"BUNGE.GLOBAL";0,327553622912936
"2025";"COOPER.COS.";0,290736915190622
"2025";"CITIZENS.FINANCIAL.GROUP";0,455959652957774
"2025";"KEYSIGHT.TECHNOLOGIES";0,323417884036273
"2025";"SUPER.MICRO.COMPUTER";0,752820059519036
"2025";"TE.CONNECTIVITY";0,305718352927045
"2025";"SMURFIT.WESTROCK";0,47905570759053
"2025";"LABCORP.HOLDINGS";0,305288761954647
"2025";"BIO.TECHNE";0,357619353040563
"2025";"LAM.RESEARCH";0,478617529334838
"2025";"ELEVANCE.HEALTH";0,325499462192178
"2025";"APTIV";0,471134311699348
"2025";"CROWN.CASTLE";0,291218560596709
"2025";"MEDTRONIC";0,261150784150012
"2025";"WALGREENS.BOOTS.ALLIANCE.DEAD";0,391841144508497
"2025";"IRON.MOUNTAIN";0,322459107216045
"2025";"EQUINIX.REIT";0,302225445635917
"2025";"EVERSOURCE.ENERGY";0,282531923486249
"2025";"GODADDY.CL.A";0,354759779676684
"2025";"JOHNSON.CONTROLS.INTL.";0,299731191483536
"2025";"KRAFT.HEINZ";0,265507743096462
"2025";"FORTIVE";0,292335442622302
"2025";"S.P.GLOBAL";0,287671684984635
"2025";"HILTON.WORLDWIDE.HDG.";0,332368589135391
"2025";"ALPHABET..A.";0,319087546029753
"2025";"WELLTOWER";0,394281348338628
"2025";"HEWLETT.PACKARD.ENTER.";0,375589700491324
"2025";"PAYPAL.HOLDINGS";0,439965277257627
"2025";"VICI.PPTYS";0,339638874397577
"2025";"HP";0,377674372334284
"2025";"ALPHABET..C.";0,318030876337386
"2025";"WEC.ENERGY.GROUP";0,256907926868485
"2025";"MONSTER.BEVERAGE";0,263065597524198
"2025";"SBA.COMMS.";0,308454655965157
"2025";"CHARTER.COMMS.CL.A";0,343788119359527
"2025";"VISTRA";0,430601416404799
