Aktie;Exp_Return;Jahr
X3M;0,055999999999999994;2010
AES;0,106747586206896547;2010
AFLAC;0,190342068965517253;2010
AK.STEEL.HLDG..DEAD;0,380510344827586278;2010
AT.T;0,100259310344827587;2010
ABBOTT.LABORATORIES;0,077009655172413802;2010
ABERCROMBIE...FITCH..A.;0,062024827586206893;2010
ADOBE..NAS.;0,106477241379310347;2010
ADVANCED.MICRO.DEVICES;0,028772413793103434;2010
AETNA.DEAD;0,095470344827586207;2010
AFFILIATED.CMP.SVS..A..DEAD;0,038697931034482748;2010
AGILENT.TECHS.;0,121075862068965506;2010
AIR.PRDS...CHEMS.;0,137122758620689650;2010
AIRGAS.DEAD;0,201870344827586201;2010
AKAMAI.TECHS.;0,272237241379310324;2010
HOWMET.AEROSPACE;0,030954482758620682;2010
ALLEGHENY.EN..DEAD;0,093384827586206892;2010
ATI;0,339128275862068951;2010
ALLERGAN.DEAD...20;0,137663448275862077;2010
ALLSTATE.ORD.SHS;0,019503448275862065;2010
ALTERA.DEAD;0,092013793103448288;2010
ALTRIA.GROUP;0,139497931034482742;2010
AMAZON.COM;0,331249655172413782;2010
AMEREN;-0,027613793103448268;2010
AMER.ELEC.PWR.;0,073707586206896561;2010
AMERICAN.EXPRESS;0,096744827586206894;2010
AMERICAN.INTL.GP.;-0,202565517241379278;2010
AMERICAN.TOWER;0,227224827586206907;2010
AMERIPRISE.FINL.;0,196604999999999974;2010
CENCORA;0,157379310344827578;2010
AMGEN;0,019619310344827577;2010
AMPHENOL..A.;0,252637241379310373;2010
ANADARKO.PETROLEUM.DEAD;0,237208275862068968;2010
ANALOG.DEVICES;0,048700689655172422;2010
AON.CLASS.A;0,151760000000000006;2010
APA;0,236262068965517269;2010
APARTMENT.INV...MAN..A.;0,156510344827586245;2010
APOLLO.EDUCATION.GP..A..DEAD;0,047812413793103456;2010
APPLE;0,448675862068965536;2010
APPLIED.MATS.;0,044066206896551711;2010
ARCHER.DANIELS.MIDLAND;0,167015172413793128;2010
ASSURANT;0,112308965517241385;2010
AUTONATION;0,109296551724137908;2010
AUTOZONE;0,154965517241379303;2010
AUTODESK;0,016703448275862065;2010
AUTOMATIC.DATA.PROC.;0,065906206896551717;2010
AVALONBAY.COMMNS.;0,179084137931034476;2010
AVERY.DENNISON;-0,014907586206896552;2010
AVON.PRODUCTS.DEAD;0,047387586206896558;2010
TRUIST.FINANCIAL;0,071931034482758630;2010
BJ.SVS..DEAD;0,082493793103448274;2010
BMC.SOFTWARE.DEAD;0,202720000000000011;2010
BAKER.HUGHES.A;0,103947586206896550;2010
BALL;0,083594482758620706;2010
BANK.OF.AMERICA;0,070868965517241367;2010
C.R.BARD.DEAD;0,069015172413793111;2010
BAXTER.INTL.;0,143649655172413793;2010
BECTON.DICKINSON;0,103271724137931037;2010
BED.BATH...BEYOND.DEAD;0,059958620689655157;2010
BEMIS.DEAD;0,071371034482758611;2010
BEST.BUY;0,088615172413793089;2010
BIG.LOTS..OTC.;0,298827586206896534;2010
BIOGEN;0,053431724137931035;2010
BLACK...DECKER.DEAD;0,036399999999999981;2010
H.R.BLOCK;0,070366896551724165;2010
BOEING;0,079906206896551729;2010
BXP;0,197467586206896556;2010
BOSTON.SCIENTIFIC;-0,182888275862068961;2010
BRISTOL.MYERS.SQUIBB;0,080659310344827581;2010
BROADCOM..A..DEAD;0,182173793103448278;2010
BROWN.FORMAN..B.;0,117696551724137941;2010
BURL.NTHN.SANTA.FE.C.DEAD;0,211737931034482768;2010
CA.DEAD;-0,003437241379310352;2010
CBRE.GROUP.CLASS.A;0,390320000000000000;2010
PARAMOUNT.SKYDANCE.B;0,018924137931034486;2010
CF.INDUSTRIES.HDG.;0,567473187772925769;2010
CH.ROBINSON.WWD.;0,226182068965517263;2010
CIGNA;0,167478620689655189;2010
CMS.ENERGY;0,130132413793103446;2010
CNX.RESOURCES;0,389528275862069007;2010
CSX;0,261886896551724091;2010
CVS.HEALTH;0,124397241379310339;2010
COTERRA.ENERGY;0,348899310344827573;2010
CAMERON.INTERNATIONAL.DEAD;0,332079999999999986;2010
THE.CAMPBELL.S.COMPANY;0,068841379310344827;2010
CAPITAL.ONE.FINL.;0,070637241379310309;2010
CARDINAL.HEALTH;-0,005252413793103458;2010
CARNIVAL;-0,014154482758620706;2010
CATERPILLAR;0,124030344827586195;2010
CELGENE.DEAD;0,363073103448275869;2010
CENTERPOINT.EN.;0,131599999999999995;2010
LUMEN.TECHNOLOGIES;0,085795862068965514;2010
CEPHALON.DEAD;0,082590344827586218;2010
CHESAPEAKE.ENERGY.DEAD;0,253448275862068972;2010
CHEVRON;0,156220689655172412;2010
CME.GROUP;0,213417931034482755;2010
CHUBB.DEAD;0,125034482758620696;2010
CINCINNATI.FINL.;0,017611034482758622;2010
CINTAS;-0,046750344827586193;2010
CISCO.SYSTEMS;0,093867586206896558;2010
CITIGROUP;-0,190033103448275842;2010
CITRIX.SYS..DEAD;0,176400000000000001;2010
CLEVELAND.CLIFFS;0,528215172413793121;2010
CLOROX;0,050091034482758631;2010
TAPESTRY;0,154888275862068936;2010
COCA.COLA;0,109199999999999992;2010
COCA.COLA.EUROPACIFIC.PARTNERS;0,066620689655172427;2010
COGNIZANT.TECH.SLTN..A.;0,246805517241379335;2010
COLGATE.PALM.;0,134786206896551741;2010
COMCAST.A;0,019252413793103426;2010
COMERICA.DEAD;0,048893793103448283;2010
DXC.TECHNOLOGY;0,057892413793103441;2010
COMPUWARE.DEAD;0,111517241379310308;2010
CONAGRA.BRANDS;0,013845517241379317;2010
CONOCOPHILLIPS;0,125748965517241351;2010
CONSOLIDATED.EDISON;0,073437241379310361;2010
CONSTELLATION.BRANDS..A.;-0,020526896551724128;2010
CONSTELLATION.EN..DEAD;0,060827586206896538;2010
CORNING;0,192775172413793078;2010
COSTCO.WHOLESALE;0,086548965517241380;2010
COVENTRY.HEALTH.CARE.DEAD;0,052137931034482762;2010
CUMMINS;0,302979310344827613;2010
DIRECTV.DEAD;0,189183448275862087;2010
DTE.ENERGY;0,080079999999999998;2010
DANAHER;0,087514482758620685;2010
DARDEN.RESTAURANTS;0,150639999999999996;2010
DAVITA;0,114819310344827605;2010
COVISTA;0,327870344827586202;2010
DEAN.FOODS.DEAD;0,039740689655172419;2010
DEERE;0,180764137931034463;2010
DELL.DEAD;-0,135886896551724146;2010
DENBURY.RESOURCES..OTC..DEAD;0,330593103448275860;2010
DENTSPLY.SIRONA;0,083285517241379309;2010
DEVON.ENERGY;0,226220689655172419;2010
DIAMOND.OFFS.DRL..DEAD;0,327542068965517241;2010
DISCOVER.FINANCIAL.SVS..DEAD;0,042366315789473682;2010
DOMINION.ENERGY;0,089097931034482755;2010
R.R.DONNELLEY...SONS.DEAD;0,023481379310344819;2010
DOVER;0,069517241379310368;2010
DOW.CHEMICAL.DEAD;0,009211034482758606;2010
E.I.DU.PONT.DE.NEMOURS.DEAD;0,017282758620689655;2010
DUKE.ENERGY;0,101591724137931036;2010
DUN...BRADSTREET.DEL..DEAD;0,105318620689655168;2010
E.TRADE.FINANCIAL.DEAD;-0,019310344827586201;2010
EMC.DEAD;0,094157241379310364;2010
EOG.RES.;0,306860689655172381;2010
EQT;0,162824827586206894;2010
EASTMAN.CHEMICAL;0,112193103448275863;2010
EASTMAN.KODAK.DEAD;-0,226182068965517263;2010
EATON;0,056386206896551716;2010
ECOLAB;0,092786206896551732;2010
EDISON.INTL.;0,079462068965517232;2010
EL.PASO.DEAD;0,116885517241379300;2010
ELECTRONIC.ARTS;-0,153497931034482754;2010
EMERSON.ELECTRIC;0,115340689655172413;2010
ENTERGY;0,098888275862068956;2010
EQUIFAX;0,066446896551724116;2010
EQUITY.RESD.TST.PROPS..SHBI;0,181246896551724157;2010
ESTEE.LAUDER.COS..A.;0,077801379310344823;2010
EXELON;0,098598620689655178;2010
EXPEDIA.GROUP;0,141432558139534897;2010
EXPEDITORS.INTL.OF.WASH..A;0,131484137931034500;2010
EXPRESS.SCRIPTS.HOLDING.DEAD;0,355851034482758621;2010
EXXON.MOBIL;0,121365517241379325;2010
FLIR.SYSTEMS.DEAD;0,239197241379310338;2010
FMC;0,266231724137931058;2010
FMC.TECHNOLOGIES.DEAD;0,364038620689655201;2010
NEXTERA.ENERGY;0,134361379310344836;2010
FAMILY.DOLLAR.STORES.DEAD;0,074788965517241374;2010
FASTENAL;0,144962758620689636;2010
FEDEX;0,030278620689655183;2010
FEDERATED.HERMES.B;0,107520000000000018;2010
FIDELITY.NAT.INFO.SVS.;0,114297931034482769;2010
FIFTH.THIRD.BANCORP;0,094427586206896535;2010
FIRST.HORIZON;0,030645517241379313;2010
FIRST.SOLAR;0,847171990171990075;2010
FIRSTENERGY;0,106786206896551716;2010
FISERV;0,078438620689655167;2010
FLOWSERVE;0,364231724137930979;2010
FLUOR;0,226143448275862080;2010
FORD.MOTOR;0,108639999999999987;2010
FOREST.LABS..DEAD;-0,015197241379310346;2010
BEAM.DEAD;-0,024755862068965514;2010
FRANKLIN.RESOURCES;0,193624827586206916;2010
FREEPORT.MCMORAN;0,356372413793103471;2010
FRONTIER.COMMUNICATIONS.DEAD;0,026281379310344841;2010
GAMESTOP..A.;0,242479999999999973;2010
TEGNA.DEAD;-0,139845517241379308;2010
GAP;0,079211034482758638;2010
GENERAL.DYNAMICS;0,102808275862068949;2010
GE.AEROSPACE;-0,067451034482758604;2010
GENERAL.MILLS;0,112077241379310341;2010
GENUINE.PARTS;0,033735172413793105;2010
GENWORTH.FINANCIAL;0,417431724137931059;2010
GENZYME.DEAD;0,014637241379310328;2010
GILEAD.SCIENCES;0,225679999999999992;2010
GOLDMAN.SACHS.GP.;0,214885517241379304;2010
GOODRICH.DEAD;0,212742068965517256;2010
GOODYEAR.TIRE...RUB.;0,165335172413793058;2010
ALPHABET..A.;0,286295172413793098;2010
WW.GRAINGER;0,129398620689655186;2010
HEALTHPEAK.PROPERTIES;0,209633103448275876;2010
HALLIBURTON;0,197274482758620695;2010
HARLEY.DAVIDSON;-0,032866206896551731;2010
HARMAN.INTL.INDS..DEAD;-0,090681379310344826;2010
L3HARRIS.TECHNOLOGIES;0,177577931034482744;2010
HARTFORD.INSURANCE.GROUP;0,245028965517241376;2010
HASBRO;0,165566896551724130;2010
WELLTOWER;0,167633103448275866;2010
HJ.HEINZ.DEAD;0,074171034482758608;2010
HERSHEY;-0,029622068965517244;2010
HESS.DEAD;0,289674482758620677;2010
HP;0,230797241379310347;2010
HOME.DEPOT;0,000617931034482762;2010
HONEYWELL.INTL.;0,089986206896551721;2010
HORMEL.FOODS;0,084695172413793096;2010
D.R.HORTON;0,027285517241379342;2010
HOSPIRA.DEAD;0,124976551724137921;2010
HOST.HOTELS...RESORTS.REIT;0,162477241379310328;2010
HUDSON.CITY.BANC..DEAD;0,123412413793103456;2010
HUMANA;0,177133793103448262;2010
HUNTINGTON.BCSH.;0,057583448275862092;2010
IMS.HEALTH.DEAD;0,044935172413793099;2010
ITT;0,090565517241379317;2010
ILLINOIS.TOOL.WORKS;0,068995862068965519;2010
INTEGRYS.ENERGY.GROUP.DEAD;0,057660689655172424;2010
INTEL;0,054435862068965502;2010
INTERCONTINENTAL.EX.;0,482547211895910766;2010
INTERPUBLIC.GROUP.DEAD;0,000328275862068963;2010
INTERNATIONAL.BUS.MCHS.;0,098559999999999995;2010
INTL.FLAVORS...FRAG.;0,051172413793103444;2010
INTERNATIONAL.GAME.TECH..DEAD;0,002297931034482760;2010
INTERNATIONAL.PAPER;0,056231724137931025;2010
INTUIT;0,111806896551724128;2010
INTUITIVE.SURGICAL;0,550731034482758619;2010
INVESCO;0,252790405904059046;2010
IRON.MOUNTAIN;0,078322758620689659;2010
VIAVI.SOLUTIONS;-0,036940689655172387;2010
JP.MORGAN.CHASE...CO.;0,183235862068965527;2010
JABIL;0,081470344827586236;2010
JACOBS.SOLUTIONS;0,214595862068965526;2010
JANUS.CAPITAL.GP..DEAD;0,160005517241379319;2010
JOHNSON...JOHNSON;0,043062068965517238;2010
JOHNSON.CONTROLS.DEAD;0,152204137931034461;2010
JUNIPER.NETWORKS.DEAD;0,101012413793103439;2010
KLA;0,042598620689655184;2010
KELLANOVA.DEAD;0,076681379310344827;2010
KEYCORP;-0,057274482758620654;2010
KIMBERLY.CLARK;0,045224827586206891;2010
KIMCO.REALTY;0,084617931034482743;2010
KING.PHARMS..DEAD;0,075387586206896562;2010
KOHL.S;0,090237241379310357;2010
MONDELEZ.INTERNATIONAL.CL.A;0,006797241379310343;2010
KROGER;0,081508965517241377;2010
L3.TECHNOLOGIES.DEAD;0,076179310344827583;2010
LSI.DEAD;0,167652413793103472;2010
LABCORP.HOLDINGS;0,102325517241379310;2010
LEGG.MASON.DEAD;0,027459310344827625;2010
LEGGETT.PLATT;0,039566896551724143;2010
LENNAR.A.A;-0,021975172413793091;2010
JEFFERIES.FINANCIAL.GROUP;0,124068965517241364;2010
LEXMARK.INTL..DEAD;-0,152513103448275900;2010
LIFE.TECHNOLOGIES.DEAD;0,135886896551724146;2010
ELI.LILLY;-0,022728275862068971;2010
BATH.AND.BODY.WORKS;0,092960000000000001;2010
LINCOLN.NATIONAL;0,241186206896551708;2010
LINEAR.TECHNOLOGY.DEAD;0,022419310344827598;2010
LOCKHEED.MARTIN;0,112733793103448290;2010
LOEWS;0,169544827586206870;2010
LORILLARD.DEAD;0,270093793103448276;2010
LOWE.S.COMPANIES;0,033677241379310364;2010
M.T.BANK;0,032924137931034499;2010
SUNEDISON.DEAD;0,207895172413793128;2010
MACY.S;0,051481379310344834;2010
MARATHON.OIL.DEAD;0,224695172413793137;2010
MARRIOTT.INTL..A.;0,060673103448275867;2010
MARSH;-0,000270344827586201;2010
MARSHALL...ILSLEY.DEAD;-0,068435862068965528;2010
MASCO;-0,046904827586206885;2010
MASSEY.EN..DEAD;0,295757241379310309;2010
MASTERCARD;0,581717872340425601;2010
MATTEL;0,096648275862068964;2010
MCAFEE.DEAD;0,137566896551724133;2010
MCCORMICK...COMPANY.NV.;0,033600000000000005;2010
MCDONALDS;0,180242758620689669;2010
S.P.GLOBAL;0,041285517241379320;2010
MCKESSON;0,184201379310344832;2010
MEADWESTVACO.DEAD;0,079268965517241372;2010
MEDCO.HEALTH.SLTN..DEAD;0,270653793103448281;2010
MEDTRONIC;0,021936551724137932;2010
MERCK...COMPANY;0,117793103448275857;2010
MEREDITH.DEAD;-0,026957241379310347;2010
METLIFE;0,171205517241379335;2010
T.MOBILE.US;-0,252285957446808540;2010
MICROCHIP.TECH.;0,108968275862068975;2010
MICRON.TECHNOLOGY;0,145580689655172457;2010
MICROSOFT;0,088190344827586212;2010
MILLIPORE.DEAD;0,103638620689655181;2010
MOLEX.DEAD;0,022284137931034492;2010
MOLSON.COORS.BEVERAGE.COMPANY.B;0,093095172413793115;2010
MONSANTO.DEAD;0,303326896551724123;2010
MONSTER.WORLDWIDE.DEAD;0,000598620689655161;2010
MOODY.S;0,022457931034482764;2010
MORGAN.STANLEY;0,181633103448275879;2010
MOTOROLA.SOLUTIONS;-0,041324137931034483;2010
MURPHY.OIL;0,159870344827586219;2010
VIATRIS;0,086317241379310336;2010
NICOR.DEAD;0,104140689655172411;2010
NIKE..B.;0,133550344827586209;2010
NRG.ENERGY;0,150833103448275857;2010
NYSE.EURONEXT.DEAD;0,250802758620689625;2010
NABORS.INDUSTRIES;0,098173793103448273;2010
NASDAQ;0,284846896551724127;2010
NOV;0,354364137931034440;2010
NATIONAL.SEMICON..DEAD;0,067605517241379323;2010
NETAPP;0,104623448275862063;2010
NEW.YORK.TIMES..A.;-0,090275862068965498;2010
NEWELL.BRANDS..XSC.;0,024697931034482763;2010
NEWMONT;0,118855172413793120;2010
TWENTY.FIRST.CENTURY.FOX.A;0,032016551724137934;2010
NISOURCE;0,009944827586206888;2010
NOBLE.ENERGY.DEAD;0,279227586206896583;2010
NORDSTROM.DEAD;0,233133793103448284;2010
NORFOLK.SOUTHERN;0,158866206896551732;2010
EVERSOURCE.ENERGY;0,123103448275862060;2010
NORTHERN.TRUST;0,130924137931034468;2010
NORTHROP.GRUMMAN;0,059475862068965511;2010
NOVELL.DEAD;-0,008805517241379306;2010
NOVELLUS.SYSTEMS.DEAD;0,043023448275862082;2010
NUCOR;0,291528275862068975;2010
NVIDIA;0,333122758620689630;2010
O.REILLY.AUTOMOTIVE;0,156954482758620700;2010
OCCIDENTAL.PTL.;0,313097931034482801;2010
ODP.DEAD;0,096725517241379344;2010
OMNICOM.GROUP;0,037211034482758643;2010
ORACLE;0,162515862068965511;2010
O.I.GLASS;0,190708965517241397;2010
PACCAR;0,125652413793103407;2010
PG.E;0,120284137931034485;2010
PNC.FINL.SVS.GP.;0,175067586206896553;2010
PPG.INDUSTRIES;0,051153103448275838;2010
PPL;0,110571034482758623;2010
PACTIV.DEAD;0,056270344827586187;2010
PALL.DEAD;0,116943448275862075;2010
PARKER.HANNIFIN;0,089445517241379308;2010
PATTERSON.COMPANIES.DEAD;-0,032286896551724134;2010
PAYCHEX;0,046518620689655170;2010
PEABODY.ENERGY.DEAD;0,373249655172413763;2010
OLD.COPPER..OTC..DEAD;0,029911724137931042;2010
PEOPLES.UNITED.FINANCIAL.DEAD;0,143108965517241365;2010
PEPCO.HOLDINGS.DEAD;0,040532413793103440;2010
PEPSI.BOTTLING.GP..DEAD;0,117348965517241374;2010
PEPSICO;0,070926896551724128;2010
REVVITY;0,056328275862068948;2010
PFIZER;0,003591724137931035;2010
PINNACLE.WEST.CAP.;0,039586206896551714;2010
PIONEER.NTRL.RES..DEAD;0,199919999999999987;2010
PITNEY.BOWES;-0,063897931034482769;2010
PLUM.CREEK.TIMBER.DEAD;0,126772413793103444;2010
RALPH.LAUREN.CL.A;0,218033103448275839;2010
PRAXAIR.DEAD;0,185881379310344819;2010
PREC.CASTPARTS.DEAD;0,317713103448275858;2010
BOOKING.HOLDINGS;0,551291034482758624;2010
PRINCIPAL.FINL.GP.;0,162342068965517228;2010
PROCTER...GAMBLE;0,060209655172413785;2010
PROGRESS.ENERGY.DEAD;0,057873103448275856;2010
PROGRESSIVE.OHIO;0,050515862068965522;2010
PROLOGIS.DEAD;0,182946206896551722;2010
PRUDENTIAL.FINL.;0,228402758620689650;2010
PUB.SER.ENTER.GP.;0,127950344827586188;2010
PUBLIC.STORAGE;0,205075862068965525;2010
PULTEGROUP;-0,034777931034482776;2010
QLOGIC.DEAD;0,078284137931034475;2010
QUALCOMM;0,090990344827586209;2010
QUANTA.SERVICES;0,307864827586206924;2010
QUEST.DIAGNOSTICS;0,084193103448275852;2010
QUESTAR.DEAD;0,201966896551724118;2010
QWEST.COMMS.INTL..DEAD;0,133782068965517253;2010
RS.LEGACY.DEAD;0,030877241379310326;2010
RANGE.RES.;0,389315862068965512;2010
RAYTHEON..B..DEAD;0,105241379310344815;2010
RED.HAT.DEAD;0,281853793103448269;2010
REGIONS.FINL.NEW;-0,012339310344827601;2010
REPUBLIC.SVS..A.;0,110204137931034493;2010
REYNOLDS.AMERICAN.DEAD;0,140714482758620696;2010
ROBERT.HALF;0,073746206896551730;2010
ROCKWELL.AUTOMATION;0,092361379310344813;2010
ROCKWELL.COLLINS.DEAD;0,122833103448275874;2010
ROPER.TECHNOLOGIES;0,173271724137931044;2010
ROSS.STORES;0,144209655172413798;2010
ROWAN.COMPANIES.CL.A.DEAD;0,128722758620689659;2010
RYDER.SYSTEM;0,080002758620689673;2010
LEIDOS.HOLDINGS;0,049709177592371867;2010
SCANA.DEAD;0,058510344827586200;2010
SLM;-0,009674482758620675;2010
SAFEWAY.DEAD;0,073746206896551730;2010
SALESFORCE;0,417856551724137937;2010
SANDISK.DEAD;0,245473103448275859;2010
HILLSHIRE.BRANDS.DEAD;-0,024678620689655179;2010
SLB;0,234871724137931032;2010
CHARLES.SCHWAB;0,214402758620689665;2010
SEALED.AIR.DEAD;0,037172413793103445;2010
SEARS.HOLDINGS.DEAD;0,077608275862068976;2010
SEMPRA;0,143456551724137932;2010
SHERWIN.WILLIAMS;0,136388965517241362;2010
SIGMA.ALDRICH.DEAD;0,150987586206896562;2010
SIMON.PROPERTY.GROUP;0,229986206896551720;2010
SMITH.INTL..DEAD;0,145039999999999975;2010
J.M.SMUCKER;0,123837241379310362;2010
SNAP.ON;0,127506206896551705;2010
SOUTHERN;0,061078620689655180;2010
SOUTHWEST.AIRLINES;0,005928275862068962;2010
SOUTHWESTERN.ENERGY.DEAD;0,576973793103448207;2010
SPECTRA.ENERGY.DEAD;0,013915471698113210;2010
SPRINT.NEXTEL.DEAD;-0,142336551724137922;2010
ST.JUDE.MEDICAL.DEAD;0,025856551724137936;2010
STANLEY.BLACK...DECKER;0,094775172413793116;2010
STAPLES.DEAD;0,097806896551724115;2010
STARBUCKS;0,015293793103448278;2010
STARWOOD.H.R.WORLDWIDE.DEAD;0,097420689655172393;2010
STATE.STREET;0,210868965517241380;2010
STERICYCLE.DEAD;0,207856551724137917;2010
STRYKER;0,053837241379310348;2010
SUNTRUST.BANKS.DEAD;-0,003668965517241372;2010
SUNOCO.DEAD;0,050361379310344824;2010
SUPERVALU.DEAD;-0,096899310344827572;2010
GEN.DIGITAL;0,008361379310344825;2010
SYSCO;0,000868965517241366;2010
T.ROWE.PRICE.GROUP;0,235914482758620675;2010
TECO.ENERGY.DEAD;0,099467586206896538;2010
TJX;0,131928275862068956;2010
TARGET;0,064168275862068955;2010
TELLABS.DEAD;0,013382068965517257;2010
TENET.HEALTHCARE;0,051886896551724127;2010
TERADATA;0,177448252911813653;2010
TERADYNE..XSC.;0,022033103448275866;2010
ANDEAVOR.DEAD;0,160372413793103435;2010
TEXAS.INSTRUMENTS;0,079017931034482777;2010
TEXTRON;0,059205517241379312;2010
BANK.OF.NEW.YORK.MELLON;0,114510344827586222;2010
THERMO.FISHER.SCIENTIFIC;0,132816551724137921;2010
TIFFANY...CO.DEAD;0,163886896551724115;2010
TIME.WARNER.CABLE.DEAD;0,020632904884318765;2010
TIME.WARNER.DEAD;0,010736551724137918;2010
TITANIUM.METALS.DEAD;0,496874482758620672;2010
GLOBE.LIFE;0,047387586206896558;2010
TOTAL.SYSTEM.SERVICES.DEAD;0,019271724137931046;2010
TRAVELERS.COS.;0,148631724137931048;2010
TYSON.FOODS..A.;0,023404137931034481;2010
US.BANCORP;0,088731034482758611;2010
UNION.PACIFIC;0,202044137931034484;2010
UNITED.PARCEL.SER..B.;-0,018537931034482768;2010
UNITED.STATES.STEEL.DEAD;0,222126896551724157;2010
RTX;0,111710344827586211;2010
UNITEDHEALTH.GROUP;0,017398620689655156;2010
UNUM.GROUP;0,172866206896551716;2010
V.F;0,134457931034482780;2010
VALERO.ENERGY;0,078226206896551714;2010
VARIAN.MEDICAL.SYSTEMS.DEAD;0,069613793103448285;2010
VENTAS;0,258913103448275839;2010
VERISIGN;0,030529655172413805;2010
VERIZON.COMMUNICATIONS;0,047870344827586224;2010
VIACOM..B..DEAD;0,036689655172413786;2010
VORNADO.REALTY.TRUST;0,164195862068965498;2010
VULCAN.MATERIALS;0,103329655172413798;2010
WALMART;0,042328275862068970;2010
WALGREENS.BOOTS.ALLIANCE.DEAD;0,037906206896551720;2010
WALT.DISNEY;0,090951724137931012;2010
GRAHAM.HOLDINGS..B.;-0,098173793103448287;2010
WASTE.MANAGEMENT;0,085873103448275867;2010
WATERS;0,113390344827586212;2010
ALLERGAN.DEAD...479;0,070579310344827589;2010
ELEVANCE.HEALTH;0,064400000000000013;2010
WELLS.FARGO...CO;0,183274482758620683;2010
WESTERN.DIGITAL;0,396402758620689688;2010
WESTERN.UNION;0,109366822429906557;2010
WEYERHAEUSER;0,023191724137931025;2010
WHIRLPOOL;0,153285517241379315;2010
WHOLE.FOODS.MARKET.DEAD;0,024195862068965519;2010
WILLIAMS;0,169564137931034475;2010
WINDSTREAM.HOLDINGS.DEAD;0,073921316614420057;2010
WEC.ENERGY.GROUP;0,117542068965517235;2010
TRAVEL.LEISURE;0,150360932297447319;2010
WYNN.RESORTS;0,199707586206896548;2010
XL.GROUP.DEAD;0,131426206896551739;2010
XTO.EN..DEAD;0,273241379310344812;2010
XCEL.ENERGY;0,094891034482758638;2010
XEROX.HOLDINGS;-0,051732413793103442;2010
XILINX.DEAD;0,050013793103448265;2010
ALTABA.DEAD;-0,046537931034482768;2010
YUM..BRANDS;0,138880000000000003;2010
ZIMMER.BIOMET.HDG.;-0,012397241379310331;2010
ZIONS.BANCORP.;-0,068783448275862039;2010
EBAY;-0,089040000000000008;2010
X3M;0,174428834355828205;2015
CHUBB;0,199802760736196322;2015
AES;0,050515950920245391;2015
AFLAC;0,117574233128834374;2015
AGL.RESOURCES.DEAD;0,135662576687116565;2015
AMETEK;0,253642638036809809;2015
AT.T;0,099698466257668705;2015
ABBVIE;0,357117318435754172;2015
ABBOTT.LABORATORIES;0,147818098159509193;2015
ACCENTURE.CLASS.A;0,194642944785276079;2015
ALLERGAN.DEAD...12;0,391604907975460104;2015
ADOBE..NAS.;0,174312883435582822;2015
AETNA.DEAD;0,243593558282208578;2015
AFFILIATED.MANAGERS;0,270262269938650324;2015
AGILENT.TECHS.;0,173307975460122693;2015
AIR.PRDS...CHEMS.;0,160553374233128821;2015
AIRGAS.DEAD;0,219842944785276051;2015
AKAMAI.TECHS.;0,260580368098159543;2015
HOWMET.AEROSPACE;0,059714723926380366;2015
ALEXION.PHARMS..DEAD;0,446353067484662525;2015
ATI;0,057473006134969334;2015
ALLERGAN.DEAD...24;0,266976993865030654;2015
BREAD.FINANCIAL.HOLDINGS;0,321454601226993875;2015
ALLSTATE.ORD.SHS;0,210392944785276093;2015
ALTERA.DEAD;0,152919938650306758;2015
ALTRIA.GROUP;0,242105521472392643;2015
AMAZON.COM;0,212943865030674834;2015
AMEREN;0,159876993865030681;2015
AMER.ELEC.PWR.;0,163915950920245412;2015
AMERICAN.EXPRESS;0,203841717791411053;2015
AMERICAN.INTL.GP.;0,225621165644171784;2015
AMERICAN.TOWER;0,191956748466257682;2015
AMERIPRISE.FINL.;0,302071472392638041;2015
CENCORA;0,271363803680981563;2015
AMGEN;0,238163190184049078;2015
AMPHENOL..A.;0,202720858895705514;2015
ANADARKO.PETROLEUM.DEAD;0,126888957055214718;2015
ANALOG.DEVICES;0,165172085889570552;2015
ELEVANCE.HEALTH;0,193464110429447861;2015
AON.CLASS.A;0,206663190184049078;2015
APA;-0,048177607361963193;2015
APARTMENT.INV...MAN..A.;0,223901226993865027;2015
APPLE;0,295964723926380346;2015
APPLIED.MATS.;0,172979447852760759;2015
ARCHER.DANIELS.MIDLAND;0,147721472392638026;2015
ASSURANT;0,208209202453987718;2015
AUTONATION;0,263517791411042979;2015
AUTOZONE;0,278900613496932515;2015
AUTODESK;0,225930368098159529;2015
AUTOMATIC.DATA.PROC.;0,194333742331288362;2015
BROADCOM;0,403393251533742336;2015
AVALONBAY.COMMNS.;0,189251226993865013;2015
AVERY.DENNISON;0,133015030674846629;2015
AVON.PRODUCTS.DEAD;-0,148185276073619643;2015
TRUIST.FINANCIAL;0,140377914110429464;2015
BAKER.HUGHES.A;0,133169631901840474;2015
BALL;0,214663803680981591;2015
BANK.OF.AMERICA;0,107988957055214718;2015
C.R.BARD.DEAD;0,171761963190184053;2015
BAXTER.INTL.;0,087987423312883450;2015
BECTON.DICKINSON;0,143353987730061361;2015
BED.BATH...BEYOND.DEAD;0,166621472392638054;2015
BERKSHIRE.HATHAWAY..B.;0,178409815950920259;2015
BEST.BUY;0,109322392638036822;2015
BIOGEN;0,400281901840490784;2015
BLACKROCK;0,147354294478527603;2015
H.R.BLOCK;0,157132822085889579;2015
BOEING;0,221330981595092013;2015
BORGWARNER;0,285413190184049093;2015
BXP;0,183260429447852757;2015
BOSTON.SCIENTIFIC;0,123796932515337438;2015
BRISTOL.MYERS.SQUIBB;0,220828527607361991;2015
BROADCOM..A..DEAD;0,122927300613496951;2015
BROWN.FORMAN..B.;0,221814110429447847;2015
CA.DEAD;0,107795705521472399;2015
CBRE.GROUP.CLASS.A;0,245352147239263824;2015
PARAMOUNT.SKYDANCE.B;0,325512883435582823;2015
CF.INDUSTRIES.HDG.;0,285142638036809781;2015
CH.ROBINSON.WWD.;0,093127914110429449;2015
CME.GROUP;0,126251226993865012;2015
CMS.ENERGY;0,205928834355828233;2015
CNX.RESOURCES;0,010532208588957065;2015
CSX;0,210083742331288348;2015
CVS.HEALTH;0,244211963190184067;2015
CABLEVISION.SYS..DEAD;0,143972392638036795;2015
COTERRA.ENERGY;0,267885276073619616;2015
CAMERON.INTERNATIONAL.DEAD;0,095330981595092026;2015
THE.CAMPBELL.S.COMPANY;0,092470858895705513;2015
CAPITAL.ONE.FINL.;0,198469325153374260;2015
CARDINAL.HEALTH;0,219630368098159529;2015
CAREFUSION.DEAD;0,196884662576687131;2015
CARMAX;0,245371472392638040;2015
CARNIVAL;0,134754294478527603;2015
CATERPILLAR;0,150987423312883451;2015
CELGENE.DEAD;0,306941411042944756;2015
CENTERPOINT.EN.;0,151702453987730052;2015
LUMEN.TECHNOLOGIES;0,107834355828220860;2015
CERNER.DEAD;0,255903680981595105;2015
CHESAPEAKE.ENERGY.DEAD;0,045877914110429442;2015
CHEVRON;0,124898466257668719;2015
CHIPOTLE.MEXN.GRILL;0,451996012269938685;2015
CHUBB.DEAD;0,181424539877300617;2015
CIGNA;0,239709202453987746;2015
CIMAREX.EN..DEAD;0,208325153374233157;2015
CINCINNATI.FINL.;0,192845705521472427;2015
CINTAS;0,256444785276073617;2015
CISCO.SYSTEMS;0,083465337423312885;2015
CITIGROUP;0,159103987730061347;2015
CITRIX.SYS..DEAD;0,143953067484662578;2015
CLOROX;0,147644171779141103;2015
TAPESTRY;0,078576073619631912;2015
COCA.COLA;0,115216564417177925;2015
COCA.COLA.EUROPACIFIC.PARTNERS;0,265295705521472414;2015
COGNIZANT.TECH.SLTN..A.;0,209156134969325169;2015
COLGATE.PALM.;0,135334049079754604;2015
COMCAST.A;0,282282515337423268;2015
COMERICA.DEAD;0,143624539877300617;2015
DXC.TECHNOLOGY;0,089166257668711640;2015
CONAGRA.BRANDS;0,134425766871165642;2015
CONOCOPHILLIPS;0,172476993865030681;2015
CONSOLIDATED.EDISON;0,124492638036809822;2015
CONSTELLATION.BRANDS..A.;0,403547852760736181;2015
CORNING;0,097398773006134962;2015
COSTCO.WHOLESALE;0,207861349693251540;2015
CROWN.CASTLE;0,162756441717791411;2015
CUMMINS;0,290592331288343553;2015
DIRECTV.DEAD;0,206895092024539873;2015
DTE.ENERGY;0,184787116564417153;2015
DAVITA;0,206663190184049078;2015
DANAHER;0,184091411042944797;2015
DARDEN.RESTAURANTS;0,164650306748466257;2015
DEERE;0,147161042944785297;2015
APTIV;0,417347911547911565;2015
DELTA.AIR.LINES;0,368086196319018399;2015
DENBURY.RESOURCES..OTC..DEAD;-0,039597239263803687;2015
DENTSPLY.SIRONA;0,108858588957055205;2015
DEVON.ENERGY;0,015440797546012278;2015
DIAMOND.OFFS.DRL..DEAD;-0,089243558282208604;2015
DISCOVER.FINANCIAL.SVS..DEAD;0,338847239263803668;2015
WARNER.BROS.DISCOVERY.SERIES.A;0,184632515337423309;2015
DISCOVERY.SERIES.C.DEAD;0,211938957055214733;2015
DOLLAR.GENERAL;0,255034049079754577;2015
DOLLAR.TREE;0,311038343558282193;2015
DOMINION.ENERGY;0,182390797546012257;2015
DOVER;0,194700920245398784;2015
DOW.CHEMICAL.DEAD;0,176264723926380401;2015
KEURIG.DR.PEPPER;0,227862883435582836;2015
DUKE.ENERGY;0,149074233128834360;2015
DUN...BRADSTREET.DEL..DEAD;0,113419325153374231;2015
E.TRADE.FINANCIAL.DEAD;0,138831901840490796;2015
E.I.DU.PONT.DE.NEMOURS.DEAD;0,208692331288343552;2015
EMC.DEAD;0,138657975460122707;2015
EOG.RES.;0,181926993865030667;2015
EQT;0,160843251533742349;2015
EASTMAN.CHEMICAL;0,242743251533742321;2015
EATON;0,212982515337423323;2015
ECOLAB;0,195300000000000029;2015
EDISON.INTL.;0,166041717791411053;2015
EDWARDS.LIFESCIENCES;0,259807361963190209;2015
ELECTRONIC.ARTS;0,253140184049079731;2015
EMERSON.ELECTRIC;0,126869631901840502;2015
ENDO.INTERNATIONAL.DEAD;0,289780674846625785;2015
VALARIS.A.DEAD;0,028350000000000004;2015
ENTERGY;0,073396932515337424;2015
EQUIFAX;0,221157055214723924;2015
EQUITY.RESD.TST.PROPS..SHBI;0,203435889570552142;2015
ESSEX.PROPERTY.TST.;0,229582822085889565;2015
ESTEE.LAUDER.COS..A.;0,266493865030674904;2015
EXELON;0,010396932515337420;2015
EXPEDIA.GROUP;0,331735582822085873;2015
EXPEDITORS.INTL.OF.WASH..A;0,092722085889570552;2015
EXPRESS.SCRIPTS.HOLDING.DEAD;0,162002760736196322;2015
EXXON.MOBIL;0,099659815950920244;2015
F5;0,261701226993864999;2015
FLIR.SYSTEMS.DEAD;0,042206134969325161;2015
FMC;0,175936196319018412;2015
FMC.TECHNOLOGIES.DEAD;0,146735889570552197;2015
META.PLATFORMS.A;0,370510102489019055;2015
FAMILY.DOLLAR.STORES.DEAD;0,252811656441717769;2015
FASTENAL;0,216229141104294476;2015
FEDEX;0,177810736196319041;2015
FIDELITY.NAT.INFO.SVS.;0,225775766871165656;2015
FIFTH.THIRD.BANCORP;0,211996932515337438;2015
FIRST.SOLAR;-0,030108588957055215;2015
FIRSTENERGY;0,034688650306748461;2015
FISERV;0,225833742331288362;2015
FLOWSERVE;0,180670858895705500;2015
FLUOR;0,118115337423312872;2015
FORD.MOTOR;0,144784049079754590;2015
FOSSIL.GROUP;0,332527914110429423;2015
FRANKLIN.RESOURCES;0,144474846625766873;2015
FREEPORT.MCMORAN;-0,001352760736196333;2015
FRONTIER.COMMUNICATIONS.DEAD;0,105090184049079757;2015
GAMESTOP..A.;0,171414110429447847;2015
TEGNA.DEAD;0,245313496932515335;2015
GAP;0,197155214723926386;2015
GARMIN;0,183511656441717796;2015
GENERAL.DYNAMICS;0,183318404907975463;2015
GE.AEROSPACE;0,154871779141104310;2015
GGP.DEAD;0,294573312883435579;2015
GENERAL.MILLS;0,119506748466257667;2015
GENERAL.MOTORS;0,059644692737430172;2015
GENUINE.PARTS;0,249623006134969322;2015
GENWORTH.FINANCIAL;0,077184662576687116;2015
GILEAD.SCIENCES;0,329822392638036810;2015
GOLDMAN.SACHS.GP.;0,077571165644171783;2015
GOODYEAR.TIRE...RUB.;0,222819018404907976;2015
ALPHABET..A.;0,133111656441717796;2015
WW.GRAINGER;0,228191411042944770;2015
HCA.HEALTHCARE;0,336397183098591512;2015
HEALTHPEAK.PROPERTIES;0,148011349693251526;2015
HALLIBURTON;0,127140184049079757;2015
HARLEY.DAVIDSON;0,248888650306748477;2015
HARMAN.INTL.INDS..DEAD;0,304332515337423337;2015
L3HARRIS.TECHNOLOGIES;0,134908895705521448;2015
HARTFORD.INSURANCE.GROUP;0,192613803680981605;2015
HASBRO;0,161152453987730038;2015
WELLTOWER;0,176052147239263795;2015
HELMERICH...PAYNE;0,179839877300613515;2015
HERSHEY;0,242298773006135004;2015
HESS.DEAD;0,093784969325153372;2015
HP;0,024349693251533751;2015
HOME.DEPOT;0,293780981595092028;2015
HONEYWELL.INTL.;0,229756748466257654;2015
HORMEL.FOODS;0,224809509202453961;2015
D.R.HORTON;0,242260122699386515;2015
HOSPIRA.DEAD;0,072276073619631911;2015
HOST.HOTELS...RESORTS.REIT;0,200962269938650323;2015
HUDSON.CITY.BANC..DEAD;0,013624233128834359;2015
HUMANA;0,273837423312883410;2015
HUNTINGTON.BCSH.;0,276890797546012313;2015
ILLINOIS.TOOL.WORKS;0,180245705521472371;2015
TRANE.TECHNOLOGIES;0,208827607361963180;2015
INTEGRYS.ENERGY.GROUP.DEAD;0,185328220858895720;2015
INTEL;0,170505828220858885;2015
INTERCONTINENTAL.EX.;0,164978834355828219;2015
INTERPUBLIC.GROUP.DEAD;0,276562269938650240;2015
INTERNATIONAL.BUS.MCHS.;0,074711042944785283;2015
INTL.FLAVORS...FRAG.;0,214470552147239257;2015
INTERNATIONAL.PAPER;0,211726380368098155;2015
INTUIT;0,246917484662576681;2015
INTUITIVE.SURGICAL;0,161249079754601204;2015
INVESCO;0,177636809815950925;2015
IRON.MOUNTAIN;0,213388343558282206;2015
JP.MORGAN.CHASE...CO.;0,138928527607361962;2015
JACOBS.SOLUTIONS;0,074556441717791411;2015
JOHNSON...JOHNSON;0,134309815950920231;2015
JOHNSON.CONTROLS.DEAD;0,171781288343558269;2015
JOY.GLOBAL.DEAD;0,062826073619631898;2015
JUNIPER.NETWORKS.DEAD;0,035886809815950910;2015
KLA;0,239535276073619630;2015
KANSAS.CITY.SOUTHERN.DEAD;0,307269938650306718;2015
KELLANOVA.DEAD;0,081513496932515347;2015
KEURIG.GREEN.MOUNTAIN.DEAD;0,529393251533742282;2015
KEYCORP;0,242086196319018399;2015
KIMBERLY.CLARK;0,168051533742331310;2015
KIMCO.REALTY;0,192594478527607360;2015
KINDER.MORGAN;0,140030404738400782;2015
KOHL.S;0,075136196319018411;2015
KRAFT.FOODS.GROUP.DEAD;0,189865326633165826;2015
KROGER;0,256116257668711655;2015
BATH.AND.BODY.WORKS;0,407760736196319085;2015
L3.TECHNOLOGIES.DEAD;0,125265644171779156;2015
LABCORP.HOLDINGS;0,089243558282208590;2015
LAM.RESEARCH;0,186990184049079744;2015
LEGG.MASON.DEAD;0,173791104294478527;2015
LEGGETT.PLATT;0,215204907975460102;2015
LENNAR.A.A;0,323271165644171743;2015
JEFFERIES.FINANCIAL.GROUP;0,050786503067484674;2015
LEVEL.3.COMMS..DEAD;0,250318711656441650;2015
ELI.LILLY;0,185386196319018426;2015
LINCOLN.NATIONAL;0,239863803680981591;2015
LINEAR.TECHNOLOGY.DEAD;0,131469018404907989;2015
LOCKHEED.MARTIN;0,234800613496932514;2015
LOEWS;0,050921779141104281;2015
LORILLARD.DEAD;0,239863803680981619;2015
LOWE.S.COMPANIES;0,257024539877300617;2015
LYONDELLBASELL.INDS.CL.A;0,392665573770491771;2015
M.T.BANK;0,179588650306748476;2015
MACERICH;0,238279141104294490;2015
MACY.S;0,323367791411042993;2015
MARATHON.OIL.DEAD;0,144107668711656450;2015
MARATHON.PETROLEUM;0,327490196078431384;2015
MARRIOTT.INTL..A.;0,260889570552147287;2015
MARSH;0,228577914110429464;2015
MARTIN.MRTA.MATS.;0,095524233128834332;2015
MASCO;0,211938957055214705;2015
MASTERCARD;0,277412576687116608;2015
MATTEL;0,145537730061349707;2015
MCCORMICK...COMPANY.NV.;0,172979447852760759;2015
MCDONALDS;0,119255521472392642;2015
S.P.GLOBAL;0,248521472392638054;2015
MCKESSON;0,261565950920245427;2015
MEAD.JOHNSON.NUTRITION.DEAD;0,206740490797546000;2015
MEADWESTVACO.DEAD;0,175143865030674861;2015
MEDTRONIC;0,140435889570552142;2015
MERCK...COMPANY;0,140203987730061347;2015
METLIFE;0,152320858895705513;2015
CAPRI.HOLDINGS;0,435858438287153649;2015
MICROCHIP.TECH.;0,151605828220858885;2015
MICRON.TECHNOLOGY;0,344142331288343539;2015
MICROSOFT;0,130348159509202449;2015
MOHAWK.INDUSTRIES;0,281123006134969378;2015
MOLSON.COORS.BEVERAGE.COMPANY.B;0,145131901840490823;2015
MONDELEZ.INTERNATIONAL.CL.A;0,178293865030674847;2015
MONSANTO.DEAD;0,120878834355828205;2015
MONSTER.BEVERAGE;0,398929141104294449;2015
MOODY.S;0,307926993865030696;2015
MORGAN.STANLEY;0,133130981595092041;2015
MOSAIC;0,015073619631901836;2015
MOTOROLA.SOLUTIONS;0,186623006134969321;2015
MURPHY.OIL;0,083368711656441719;2015
VIATRIS;0,251246319018404884;2015
NIKE..B.;0,247246012269938642;2015
NRG.ENERGY;0,068584969325153372;2015
NABORS.INDUSTRIES;-0,004174233128834376;2015
NASDAQ;0,217079447852760760;2015
NOV;0,158388957055214719;2015
NETAPP;0,093572392638036794;2015
NETFLIX;0,529760429447852732;2015
NEWELL.BRANDS..XSC.;0,232442944785276051;2015
NEWFIELD.EXPLORATION.DEAD;-0,030069938650306733;2015
NEWMONT;-0,103698773006134976;2015
NEXTERA.ENERGY;0,182410122699386529;2015
NIELSEN.DEAD;0,180948292682926837;2015
NISOURCE;0,250898466257668706;2015
NOBLE.CORPORATION.DEAD;-0,068816871165644167;2015
NOBLE.ENERGY.DEAD;0,106520245398773000;2015
NORDSTROM.DEAD;0,202662883435582808;2015
NORFOLK.SOUTHERN;0,195879754601226974;2015
EVERSOURCE.ENERGY;0,188053067484662578;2015
NORTHERN.TRUST;0,098326380368098154;2015
NORTHROP.GRUMMAN;0,254705521472392671;2015
NUCOR;0,073280981595092026;2015
NVIDIA;0,092780061349693271;2015
O.REILLY.AUTOMOTIVE;0,337571779141104256;2015
ONEOK;0,243361656441717811;2015
OCCIDENTAL.PTL.;0,066053374233128834;2015
OMNICOM.GROUP;0,177656134969325169;2015
ORACLE;0,158292331288343552;2015
O.I.GLASS;0,020407361963190179;2015
PACCAR;0,186854907975460116;2015
PETSMART.DEAD;0,255652453987730066;2015
PG.E;0,087678220858895706;2015
PNC.FINL.SVS.GP.;0,157229447852760745;2015
PPG.INDUSTRIES;0,313879141104294490;2015
PPL;0,083214110429447860;2015
PVH;0,280833128834355850;2015
PALL.DEAD;0,244656441717791384;2015
PARKER.HANNIFIN;0,224867484662576694;2015
PATTERSON.COMPANIES.DEAD;0,141073619631901848;2015
PAYCHEX;0,132203374233128834;2015
PENTAIR;0,193908588957055206;2015
PEOPLES.UNITED.FINANCIAL.DEAD;0,045588036809815963;2015
PEPCO.HOLDINGS.DEAD;0,158388957055214719;2015
PEPSICO;0,122927300613496937;2015
REVVITY;0,188710122699386501;2015
PERRIGO;0,316256134969325142;2015
PFIZER;0,157210122699386501;2015
PHILIP.MORRIS.INTL.;0,157480674846625784;2015
PHILLIPS.66;0,325574047954865997;2015
PINNACLE.WEST.CAP.;0,177018404907975463;2015
PIONEER.NTRL.RES..DEAD;0,287480981595092000;2015
PITNEY.BOWES;0,125053067484662578;2015
PLUM.CREEK.TIMBER.DEAD;0,084856748466257653;2015
PRAXAIR.DEAD;0,128222392638036808;2015
PREC.CASTPARTS.DEAD;0,180361656441717783;2015
PRINCIPAL.FINL.GP.;0,221698159509202464;2015
PROLOGIS.REIT;0,174332208588957038;2015
PROCTER...GAMBLE;0,118559815950920244;2015
PROGRESSIVE.OHIO;0,139856134969325141;2015
PRUDENTIAL.FINL.;0,186835582822085899;2015
PUB.SER.ENTER.GP.;0,099911042944785283;2015
PUBLIC.STORAGE;0,210431595092024526;2015
PULTEGROUP;0,249796932515337383;2015
QEP.RESOURCES..NYS..DEAD;-0,047188860759493675;2015
QUALCOMM;0,140107361963190208;2015
QUANTA.SERVICES;0,104993558282208591;2015
QUEST.DIAGNOSTICS;0,055076687116564417;2015
RALPH.LAUREN.CL.A;0,207494171779141090;2015
RANGE.RES.;0,078131595092024539;2015
RAYTHEON..B..DEAD;0,190816564417177925;2015
RED.HAT.DEAD;0,212866564417177911;2015
REGENERON.PHARMS.;0,655934355828220794;2015
REGIONS.FINL.NEW;0,216982822085889565;2015
REPUBLIC.SVS..A.;0,114327607361963193;2015
REYNOLDS.AMERICAN.DEAD;0,239554601226993874;2015
ROBERT.HALF;0,212112883435582822;2015
ROCKWELL.AUTOMATION;0,232752147239263796;2015
ROCKWELL.COLLINS.DEAD;0,121400613496932513;2015
ROPER.TECHNOLOGIES;0,240849386503067475;2015
ROSS.STORES;0,322672085889570581;2015
ROYAL.CARIBBEAN.GROUP;0,315463803680981592;2015
RYDER.SYSTEM;0,223166871165644182;2015
SCANA.DEAD;0,146175460122699385;2015
SALESFORCE;0,297336809815950898;2015
SANDISK.DEAD;0,310265337423312915;2015
SLB;0,108491411042944783;2015
CHARLES.SCHWAB;0,147392944785276064;2015
SCRIPPS.NETWORKS.INTERACTIVE.A;0,153924846625766859;2015
SEAGATE.TECHNOLOGY.HOLDINGS;0,367429141104294477;2015
SEALED.AIR.DEAD;0,191183742331288348;2015
SEMPRA;0,177134355828220846;2015
SHERWIN.WILLIAMS;0,316603987730061320;2015
SIGMA.ALDRICH.DEAD;0,233312576687116580;2015
SIMON.PROPERTY.GROUP;0,223727300613496910;2015
J.M.SMUCKER;0,132841104294478540;2015
SNAP.ON;0,275383435582822078;2015
SOUTHERN;0,127719938650306758;2015
SOUTHWEST.AIRLINES;0,295906748466257641;2015
SOUTHWESTERN.ENERGY.DEAD;-0,058709815950920244;2015
SPECTRA.ENERGY.DEAD;0,167896932515337410;2015
ST.JUDE.MEDICAL.DEAD;0,157152147239263795;2015
STANLEY.BLACK...DECKER;0,182603374233128835;2015
STAPLES.DEAD;0,021122392638036818;2015
STARBUCKS;0,292254294478527632;2015
STARWOOD.H.R.WORLDWIDE.DEAD;0,224712883435582822;2015
STATE.STREET;0,165597239263803708;2015
STERICYCLE.DEAD;0,185096319018404926;2015
STRYKER;0,156011963190184039;2015
SUNTRUST.BANKS.DEAD;0,205001226993865027;2015
GEN.DIGITAL;0,117728834355828232;2015
SYSCO;0,114868711656441719;2015
T.ROWE.PRICE.GROUP;0,152301533742331269;2015
TE.CONNECTIVITY;0,236597852760736194;2015
TECO.ENERGY.DEAD;0,108201533742331282;2015
TJX;0,290321779141104297;2015
TARGET;0,127777914110429436;2015
TENET.HEALTHCARE;0,271808282208588992;2015
TERADATA;0,117806134969325141;2015
ANDEAVOR.DEAD;0,416283128834355809;2015
TEXAS.INSTRUMENTS;0,189502453987730080;2015
TEXTRON;0,224964110429447833;2015
ADT.DEAD;0,034148743718592979;2015
BANK.OF.NEW.YORK.MELLON;0,124666564417177897;2015
BOOKING.HOLDINGS;0,376898466257668707;2015
WILLIAMS;0,260928220858895721;2015
THERMO.FISHER.SCIENTIFIC;0,218818711656441733;2015
TIFFANY...CO.DEAD;0,236288650306748477;2015
TIME.WARNER.CABLE.DEAD;0,307076687116564440;2015
TIME.WARNER.DEAD;0,267634049079754632;2015
GLOBE.LIFE;0,230568404907975449;2015
TOTAL.SYSTEM.SERVICES.DEAD;0,169172392638036823;2015
TRACTOR.SUPPLY;0,394851533742331284;2015
TRANSOCEAN;-0,192575153374233143;2015
TRAVELERS.COS.;0,186893558282208605;2015
TRIPADVISOR..A.;0,405562500000000048;2015
TWENTY.FIRST.CENTURY.FOX.A;0,272078834355828247;2015
JOHNSON.CONTROLS.INTL.;0,220886503067484669;2015
TYSON.FOODS..A.;0,275267484662576667;2015
US.BANCORP;0,179182822085889593;2015
UNDER.ARMOUR.A;0,519750000000000045;2015
UNION.PACIFIC;0,299056748466257682;2015
UNITED.PARCEL.SER..B.;0,171124233128834347;2015
UNITED.RENTALS;0,569666871165644184;2015
RTX;0,139991411042944797;2015
UNITEDHEALTH.GROUP;0,273025766871165643;2015
UNIVERSAL.HEALTH.SVS..B.;0,299346625766871155;2015
UNUM.GROUP;0,162099386503067489;2015
URBAN.OUTFITTERS;0,058110736196319034;2015
V.F;0,321280674846625758;2015
VALERO.ENERGY;0,309202453987730053;2015
VARIAN.MEDICAL.SYSTEMS.DEAD;0,147605521472392615;2015
VENTAS;0,161828834355828233;2015
VERISIGN;0,230684355828220861;2015
VERIZON.COMMUNICATIONS;0,141034969325153359;2015
VERTEX.PHARMS.;0,333223619631901835;2015
VIACOM..B..DEAD;0,226142944785276079;2015
VISA..A.;0,252251226993865041;2015
VORNADO.REALTY.TRUST;0,160456748466257682;2015
VULCAN.MATERIALS;0,109534969325153372;2015
WALMART;0,125710122699386501;2015
WALGREENS.BOOTS.ALLIANCE.DEAD;0,195087423312883451;2015
WALT.DISNEY;0,244327914110429451;2015
WASTE.MANAGEMENT;0,132744478527607346;2015
WATERS;0,147779447852760731;2015
WELLS.FARGO...CO;0,192092024539877310;2015
WESTERN.DIGITAL;0,255439877300613516;2015
WESTERN.UNION;0,052506441717791397;2015
WEYERHAEUSER;0,216750920245398770;2015
WHIRLPOOL;0,252270552147239258;2015
WHOLE.FOODS.MARKET.DEAD;0,310999693251533760;2015
WINDSTREAM.HOLDINGS.DEAD;0,066169325153374231;2015
WEC.ENERGY.GROUP;0,189038650306748462;2015
TRAVEL.LEISURE;0,340084049079754591;2015
WYNN.RESORTS;0,302728527607361964;2015
XL.GROUP.DEAD;0,173423926380368104;2015
XCEL.ENERGY;0,151315950920245385;2015
XEROX.HOLDINGS;0,158485582822085885;2015
XILINX.DEAD;0,162234662576687116;2015
XYLEM;0,181806436233611451;2015
ALTABA.DEAD;0,257797546012269951;2015
YUM..BRANDS;0,187434662576687117;2015
ZIMMER.BIOMET.HDG.;0,160688650306748476;2015
ZIONS.BANCORP.;0,218277607361963194;2015
EBAY;0,211417177914110438;2015
AMAZON.COM;0,385788036809815993;2020
ABBOTT.LABORATORIES;0,167723006134969321;2020
AES;0,138754601226993873;2020
ABIOMED.DEAD;0,396184969325153347;2020
INTERNATIONAL.BUS.MCHS.;0,024098466257668715;2020
ADVANCED.MICRO.DEVICES;0,741564110429447920;2020
ADOBE..NAS.;0,325609509202454017;2020
ALEXANDRIA.REAL.ESTATE.EQUITIES.REIT;0,161770858895705527;2020
AIR.PRDS...CHEMS.;0,150330368098159500;2020
ALASKA.AIR.GROUP;0,082151226993865040;2020
BXP;0,055482515337423322;2020
ALLSTATE.ORD.SHS;0,123951533742331296;2020
HONEYWELL.INTL.;0,154504601226993860;2020
AMGEN;0,132048773006134962;2020
HESS.DEAD;0,070440184049079757;2020
AMERICAN.EXPRESS;0,091813803680981604;2020
AMER.ELEC.PWR.;0,132087423312883423;2020
AFLAC;0,141653374233128820;2020
AMERICAN.INTL.GP.;0,026088957055214721;2020
ANALOG.DEVICES;0,204092944785276065;2020
ALEXION.PHARMS..DEAD;-0,035519631901840508;2020
VALERO.ENERGY;0,198565950920245371;2020
APA;-0,063521779141104295;2020
COMCAST.A;0,123854907975460116;2020
ANSYS.DEAD;0,246028527607361963;2020
APPLE;0,235245092024539859;2020
APPLIED.MATS.;0,240057055214723924;2020
ALBEMARLE;0,104413803680981590;2020
ARCHER.DANIELS.MIDLAND;0,031152147239263801;2020
PINNACLE.WEST.CAP.;0,099679141104294489;2020
AMEREN;0,143373312883435577;2020
AUTODESK;0,269064110429447834;2020
AUTOMATIC.DATA.PROC.;0,178081288343558269;2020
AUTOZONE;0,151799079754601246;2020
AVERY.DENNISON;0,220210122699386501;2020
BALL;0,154369325153374232;2020
BERKSHIRE.HATHAWAY..B.;0,092664110429447874;2020
BAXTER.INTL.;0,174815337423312872;2020
BECTON.DICKINSON;0,161326380368098155;2020
AMETEK;0,148765030674846643;2020
VERIZON.COMMUNICATIONS;0,110965030674846615;2020
W.R.BERKLEY;0,170177300613496951;2020
BEST.BUY;0,246782208588957080;2020
SL.GREEN.REALTY;0,000579754601226993;2020
YUM..BRANDS;0,167065950920245399;2020
FIRSTENERGY;0,101862883435582821;2020
H.R.BLOCK;0,010300306748466260;2020
BOEING;0,233428527607361991;2020
ROBERT.HALF;0,069203374233128834;2020
BORGWARNER;0,013585582822085884;2020
BOSTON.SCIENTIFIC;0,267170245398773043;2020
CH.ROBINSON.WWD.;0,055153987730061353;2020
TAKE.TWO.INTACT.SFTW.;0,338248159509202451;2020
METTLER.TOLEDO.INTL.;0,209484662576687103;2020
BRISTOL.MYERS.SQUIBB;0,073242331288343565;2020
ONEOK;0,190565337423312886;2020
AVALONBAY.COMMNS.;0,091987730061349707;2020
UNITED.RENTALS;0,172612269938650309;2020
SEMPRA;0,104355828220858898;2020
FEDEX;0,013682208588957058;2020
VERISIGN;0,260638343558282193;2020
AMPHENOL..A.;0,161712883435582822;2020
BROWN.FORMAN..B.;0,162466564417177911;2020
QUANTA.SERVICES;0,114366257668711668;2020
CSX;0,186545705521472399;2020
COTERRA.ENERGY;-0,037239570552147258;2020
THE.CAMPBELL.S.COMPANY;0,077281288343558283;2020
CONSTELLATION.BRANDS..A.;0,163278220858895706;2020
CARDINAL.HEALTH;-0,026262883435582821;2020
CATERPILLAR;0,157480674846625784;2020
CITRIX.SYS..DEAD;0,180013803680981577;2020
LUMEN.TECHNOLOGIES;-0,067464110429447860;2020
CERNER.DEAD;0,053723926380368096;2020
JP.MORGAN.CHASE...CO.;0,201677300613496951;2020
CHURCH...DWIGHT.CO.;0,144281595092024539;2020
CINCINNATI.FINL.;0,182023619631901834;2020
CINTAS;0,268638957055214733;2020
CISCO.SYSTEMS;0,160476073619631926;2020
CLOROX;0,116298773006134976;2020
COCA.COLA;0,093553067484662578;2020
COPART;0,334131901840490741;2020
COLGATE.PALM.;0,036022085889570551;2020
MARRIOTT.INTL..A.;0,167723006134969321;2020
COMERICA.DEAD;0,139276380368098168;2020
NRG.ENERGY;0,164688957055214746;2020
CONAGRA.BRANDS;0,095930061349693257;2020
CONSOLIDATED.EDISON;0,109283742331288347;2020
CMS.ENERGY;0,156301840490797539;2020
COOPER.COS.;0,157886503067484668;2020
CORNING;0,099196012269938655;2020
SEALED.AIR.DEAD;0,029606134969325151;2020
CUMMINS;0,097823926380368104;2020
D.R.HORTON;0,190816564417177925;2020
DANAHER;0,187511963190184039;2020
MOODY.S;0,210334969325153387;2020
COGNIZANT.TECH.SLTN..A.;0,066092024539877295;2020
TARGET;0,169597546012269951;2020
DEERE;0,182699999999999974;2020
MORGAN.STANLEY;0,107969631901840474;2020
REPUBLIC.SVS..A.;0,186352453987730066;2020
WALT.DISNEY;0,115158588957055205;2020
DOLLAR.TREE;0,096451840490797580;2020
DOVER;0,181443865030674834;2020
OMNICOM.GROUP;0,055675766871165655;2020
DTE.ENERGY;0,122637423312883437;2020
DUKE.REALTY.DEAD;0,157867177914110424;2020
FLOWSERVE;0,023402760736196317;2020
DARDEN.RESTAURANTS;0,196111656441717797;2020
EBAY;0,118830368098159514;2020
BANK.OF.AMERICA;0,178950920245398770;2020
CITIGROUP;0,119622699386503065;2020
EASTMAN.CHEMICAL;0,062710122699386500;2020
E.TRADE.FINANCIAL.DEAD;0,168418711656441705;2020
CADENCE.DESIGN.SYS.;0,280581901840490811;2020
DISH.NETWORK..A..DEAD;-0,089726687116564410;2020
ECOLAB;0,143914417177914117;2020
REVVITY;0,183473006134969308;2020
ELECTRONIC.ARTS;0,205832208588957039;2020
SALESFORCE;0,235612269938650282;2020
EMERSON.ELECTRIC;0,095041104294478526;2020
ATMOS.ENERGY;0,170641104294478513;2020
ESSEX.PROPERTY.TST.;0,115796319018404911;2020
ENTERGY;0,116897852760736207;2020
EOG.RES.;0,037413496932515354;2020
EQUIFAX;0,144822699386503079;2020
EQUITY.RESD.TST.PROPS..SHBI;0,097398773006134962;2020
ESTEE.LAUDER.COS..A.;0,229737423312883438;2020
EXPEDITORS.INTL.OF.WASH..A;0,141692024539877309;2020
EXXON.MOBIL;0,000637730061349694;2020
FMC;0,187569938650306745;2020
NEXTERA.ENERGY;0,198450000000000015;2020
ASSURANT;0,169558895705521462;2020
FASTENAL;0,143914417177914089;2020
FEDERAL.REALTY.INV.TST.;0,036775766871165655;2020
FIFTH.THIRD.BANCORP;0,137266564417177911;2020
M.T.BANK;0,102616564417177925;2020
FISERV;0,245410122699386529;2020
FLIR.SYSTEMS.DEAD;0,133208282208588963;2020
MACY.S;-0,138445398773006156;2020
FRANKLIN.RESOURCES;-0,077474539877300602;2020
FREEPORT.MCMORAN;0,059946625766871167;2020
ARTHUR.J.GALLAGHER;0,174080981595092027;2020
GAP;-0,066903680981595090;2020
GENERAL.DYNAMICS;0,084566871165644167;2020
GENERAL.MILLS;0,053298773006134968;2020
GENUINE.PARTS;0,045336809815950924;2020
GILEAD.SCIENCES;-0,015692024539877291;2020
GARTNER..A.;0,141981901840490810;2020
MCKESSON;-0,030784969325153372;2020
NVIDIA;0,570072699386503068;2020
GE.AEROSPACE;-0,082904907975460101;2020
WW.GRAINGER;0,110636503067484668;2020
HALLIBURTON;-0,022223926380368100;2020
GOLDMAN.SACHS.GP.;0,074749693251533744;2020
HARLEY.DAVIDSON;-0,036756441717791404;2020
HASBRO;0,187801840490797539;2020
HENRY.SCHEIN;0,067154907975460115;2020
HELMERICH...PAYNE;0,040950000000000021;2020
HERSHEY;0,109167791411042936;2020
F5;0,045510736196319006;2020
JUNIPER.NETWORKS.DEAD;0,072102147239263795;2020
HOLOGIC.DEAD;0,156147239263803667;2020
UNUM.GROUP;0,023151533742331278;2020
HOME.DEPOT;0,180612883435582822;2020
HORMEL.FOODS;0,144668098159509206;2020
CENTERPOINT.EN.;0,089417484662576693;2020
HUMANA;0,221350306748466230;2020
HUNT.JB.TRANSPORT.SVS.;0,096277914110429449;2020
HUNTINGTON.BCSH.;0,129014723926380387;2020
BIOGEN;0,057685582822085898;2020
IDEX;0,184149386503067503;2020
ILLINOIS.TOOL.WORKS;0,165210736196319014;2020
INTUIT;0,239090797546012285;2020
IDEXX.LABORATORIES;0,281296932515337439;2020
INTEL;0,155219631901840488;2020
INTL.FLAVORS...FRAG.;0,093572392638036808;2020
INTERNATIONAL.PAPER;0,037142944785276077;2020
INTERPUBLIC.GROUP.DEAD;0,079735582822085885;2020
JACOBS.SOLUTIONS;0,171414110429447847;2020
JACK.HENRY.AND.ASSOCIATES;0,190140184049079758;2020
INCYTE;0,120434355828220874;2020
JOHNSON...JOHNSON;0,103621472392638039;2020
HARTFORD.INSURANCE.GROUP;0,110250000000000001;2020
KLA;0,248598773006134949;2020
DEVON.ENERGY;-0,061086809815950924;2020
KELLANOVA.DEAD;0,059869325153374231;2020
KEYCORP;0,133053680981595090;2020
KIMCO.REALTY;0,038263803680981597;2020
KIMBERLY.CLARK;0,081358895705521489;2020
BLACKROCK;0,114173006134969335;2020
KOHL.S;0,080257361963190207;2020
KROGER;0,036698466257668698;2020
LAM.RESEARCH;0,319309509202453989;2020
PACKAGING.CORP.OF.AM.;0,130135582822085871;2020
AKAMAI.TECHS.;0,111332208588957052;2020
LEGGETT.PLATT;0,088373926380368104;2020
LENNAR.A.A;0,083291411042944782;2020
ELI.LILLY;0,172863496932515348;2020
LINCOLN.NATIONAL;0,065087116564417180;2020
UNITED.PARCEL.SER..B.;0,059289570552147237;2020
AGILENT.TECHS.;0,177346932515337452;2020
LOCKHEED.MARTIN;0,176999079754601218;2020
LOEWS;0,062207668711656443;2020
CARNIVAL;0,080547239263803680;2020
LOWE.S.COMPANIES;0,152359509202453974;2020
DOMINION.ENERGY;0,066517177914110423;2020
MGM.RESORTS.INTL.;0,144996625766871168;2020
MCCORMICK...COMPANY.NV.;0,193676687116564411;2020
MCDONALDS;0,184903067484662564;2020
EVEREST.GROUP;0,133188957055214746;2020
EDWARDS.LIFESCIENCES;0,292698773006134949;2020
HOST.HOTELS...RESORTS.REIT;0,025470552147239273;2020
MARSH;0,160398773006134976;2020
MASCO;0,192362576687116538;2020
MARTIN.MRTA.MATS.;0,227263803680981591;2020
METLIFE;0,072855828220858884;2020
MAXIM.INTEGRATED.PRDS..DEAD;0,192749079754601232;2020
ACTIVISION.BLIZZARD.DEAD;0,267672699386503066;2020
CVS.HEALTH;0,000154601226993863;2020
LABCORP.HOLDINGS;0,107525153374233129;2020
MICROSOFT;0,283190797546012230;2020
MICRON.TECHNOLOGY;0,186023926380368104;2020
MID.AMER.APT.COMMUNITIES;0,161384355828220860;2020
MICROCHIP.TECH.;0,224268404907975449;2020
X3M;0,058361963190184052;2020
MOHAWK.INDUSTRIES;0,015576073619631894;2020
KANSAS.CITY.SOUTHERN.DEAD;0,089069631901840488;2020
ILLUMINA;0,184246012269938642;2020
XCEL.ENERGY;0,154098773006134976;2020
FORD.MOTOR;-0,012677300613496936;2020
NOV;-0,105418711656441746;2020
NETAPP;0,149615337423312872;2020
NEWELL.BRANDS..XSC.;-0,036253987730061374;2020
NEWMONT;0,236404601226993888;2020
NVR;0,239148773006134963;2020
NIKE..B.;0,181463190184049078;2020
NOBLE.ENERGY.DEAD;-0,038978834355828232;2020
NORDSTROM.DEAD;-0,019170552147239263;2020
NORFOLK.SOUTHERN;0,162698466257668706;2020
NISOURCE;0,145344478527607346;2020
NORTHERN.TRUST;0,134966871165644153;2020
NORTHROP.GRUMMAN;0,199242331288343566;2020
WELLS.FARGO...CO;0,047578527607361962;2020
NUCOR;0,091060122699386514;2020
CAPITAL.ONE.FINL.;0,090615644171779142;2020
OCCIDENTAL.PTL.;-0,052042638036809814;2020
OLD.DOMINION.FGT.LINES;0,206122085889570567;2020
ORACLE;0,067792638036809807;2020
PACCAR;0,095273006134969321;2020
EXELON;0,091910429447852757;2020
PARKER.HANNIFIN;0,136203680981595104;2020
PAYCHEX;0,163587423312883423;2020
ALIGN.TECHNOLOGY;0,382599386503067518;2020
PPL;0,074633742331288347;2020
PEPSICO;0,109689570552147231;2020
PFIZER;0,094287423312883437;2020
CONOCOPHILLIPS;0,062690797546012283;2020
PIONEER.NTRL.RES..DEAD;0,063850306748466257;2020
ALTRIA.GROUP;0,067135582822085899;2020
PNC.FINL.SVS.GP.;0,152939263803681003;2020
PPG.INDUSTRIES;0,064546012269938655;2020
IPG.PHOTONICS;0,200459815950920217;2020
COSTCO.WHOLESALE;0,181965644171779128;2020
T.ROWE.PRICE.GROUP;0,121961042944785270;2020
QUEST.DIAGNOSTICS;0,129768404907975449;2020
PROCTER...GAMBLE;0,103350920245398784;2020
PROGRESSIVE.OHIO;0,234955214723926359;2020
PUB.SER.ENTER.GP.;0,118269938650306744;2020
PULTEGROUP;0,164495705521472385;2020
GLOBAL.PAYMENTS;0,323213190184049037;2020
QUALCOMM;0,115506441717791411;2020
RAYMOND.JAMES.FINL.;0,130290184049079744;2020
REALTY.INCOME;0,143353987730061361;2020
REGENCY.CENTERS;0,046303067484662584;2020
UDR;0,127372085889570552;2020
REGENERON.PHARMS.;0,034707975460122671;2020
RESMED;0,246473006134969308;2020
US.BANCORP;0,094190797546012270;2020
ROSS.STORES;0,212054907975460144;2020
ROLLINS;0,192401226993865027;2020
ROPER.TECHNOLOGIES;0,182642024539877296;2020
ROCKWELL.AUTOMATION;0,165848466257668720;2020
ROYAL.CARIBBEAN.GROUP;0,157963803680981590;2020
RAYTHEON..B..DEAD;0,175259815950920245;2020
BREAD.FINANCIAL.HOLDINGS;-0,128879447852760731;2020
TRAVELERS.COS.;0,085880981595092026;2020
FIDELITY.NAT.INFO.SVS.;0,187743865030674861;2020
MERCK...COMPANY;0,138947852760736207;2020
SLB;-0,080218711656441705;2020
CHARLES.SCHWAB;0,138058895705521462;2020
ZIMMER.BIOMET.HDG.;0,085320552147239270;2020
CENCORA;0,038476380368098168;2020
PRINCIPAL.FINL.GP.;0,074092638036809808;2020
SHERWIN.WILLIAMS;0,186391104294478499;2020
CENTENE;0,225157361963190167;2020
SVB.FINANCIAL.GROUP.DEAD;0,212190184049079772;2020
SIMON.PROPERTY.GROUP;0,019595705521472405;2020
SMITH..AO.;0,141324846625766859;2020
SNAP.ON;0,083233435582822091;2020
PRUDENTIAL.FINL.;0,070768711656441718;2020
ADV.AUTO.PARTS;0,051057055214723909;2020
EDISON.INTL.;0,087137116564417194;2020
SOUTHERN;0,107757055214723937;2020
SOUTHWEST.AIRLINES;0,094229447852760731;2020
AT.T;0,098017177914110423;2020
CHEVRON;0,076778834355828218;2020
STATE.STREET;0,055907668711656450;2020
STARBUCKS;0,184825766871165642;2020
PUBLIC.STORAGE;0,077899693251533744;2020
STRYKER;0,185521472392638054;2020
NETFLIX;0,448208282208588993;2020
SYNOPSYS;0,246395705521472386;2020
SYSCO;0,187685889570552156;2020
INTUITIVE.SURGICAL;0,264754601226993846;2020
TELEFLEX;0,262377607361963194;2020
TEXAS.INSTRUMENTS;0,224287730061349694;2020
TEXTRON;0,043037116564417180;2020
THERMO.FISHER.SCIENTIFIC;0,208885582822085886;2020
TIFFANY...CO.DEAD;0,112472392638036794;2020
DAVITA;0,032041104294478526;2020
TRACTOR.SUPPLY;0,079368404907975462;2020
TYSON.FOODS..A.;0,203725766871165642;2020
MARATHON.OIL.DEAD;-0,016638957055214714;2020
UNION.PACIFIC;0,128628220858895692;2020
RTX;0,091002147239263809;2020
UNITEDHEALTH.GROUP;0,244192638036809795;2020
UNIVERSAL.HEALTH.SVS..B.;0,085262576687116579;2020
VARIAN.MEDICAL.SYSTEMS.DEAD;0,143527914110429450;2020
VENTAS;0,054883435582822090;2020
V.F;0,119468098159509192;2020
VERTEX.PHARMS.;0,183318404907975463;2020
VULCAN.MATERIALS;0,194295092024539873;2020
VORNADO.REALTY.TRUST;0,002898773006134965;2020
WALMART;0,105244785276073616;2020
WASTE.MANAGEMENT;0,187743865030674834;2020
WATERS;0,165558588957055219;2020
J.M.SMUCKER;0,053144171779141096;2020
WESTERN.DIGITAL;0,004560736196319017;2020
WABTEC;0,023054907975460139;2020
WEYERHAEUSER;0,030978220858895705;2020
WHIRLPOOL;0,014435889570552144;2020
SKYWORKS.SOLUTIONS;0,171085582822085913;2020
WYNN.RESORTS;0,104181901840490809;2020
NASDAQ;0,190159509202454002;2020
CME.GROUP;0,214451226993865041;2020
WILLIAMS;0,037142944785276064;2020
LKQ;0,077223312883435577;2020
ALLIANT.ENERGY..XSC.;0,141363496932515348;2020
CARMAX;0,091620552147239243;2020
XILINX.DEAD;0,223147546012269937;2020
CIMAREX.EN..DEAD;-0,061550613496932520;2020
TJX;0,145557055214723924;2020
ZEBRA.TECHNOLOGIES..A.;0,303772085889570498;2020
ZIONS.BANCORP.;0,165539263803681003;2020
REGIONS.FINL.NEW;0,156553067484662578;2020
EXTRA.SPACE.STRG.;0,168457361963190194;2020
LAS.VEGAS.SANDS;0,127043558282208618;2020
DIGITAL.REALTY.TST.;0,174680061349693244;2020
MARKETAXESS.HOLDINGS;0,364472392638036824;2020
CELANESE;0,189985582822085913;2020
MOLSON.COORS.BEVERAGE.COMPANY.B;-0,010107055214723940;2020
CF.INDUSTRIES.HDG.;0,077919018404907947;2020
AMERIPRISE.FINL.;0,104297852760736193;2020
UNDER.ARMOUR.A;0,001932515337423327;2020
LIVE.NATION.ENTM.;0,227882208588957053;2020
CHIPOTLE.MEXN.GRILL;0,093127914110429436;2020
TRANSDIGM.GROUP;0,287268404907975450;2020
MASTERCARD;0,269431288343558284;2020
HANESBRANDS.DEAD;-0,038051226993865032;2020
WESTERN.UNION;0,132551226993865040;2020
BROADRIDGE.FINL.SLTN.;0,227379754601226974;2020
PEOPLES.UNITED.FINANCIAL.DEAD;0,080431288343558269;2020
DELTA.AIR.LINES;0,089552760736196321;2020
DISCOVER.FINANCIAL.SVS..DEAD;0,094442024539877295;2020
CONCHO.RESOURCES.DEAD;0,048757361963190166;2020
BANK.OF.NEW.YORK.MELLON;0,084025766871165641;2020
ULTA.BEAUTY;0,186410429447852771;2020
INVESCO;-0,074401840490797524;2020
MSCI;0,364530368098159530;2020
PHILIP.MORRIS.INTL.;0,076836809815950924;2020
VISA..A.;0,230201226993865055;2020
AMERICAN.WATER.WORKS;0,195300000000000001;2020
CHUBB;0,092451533742331282;2020
WARNER.BROS.DISCOVERY.SERIES.A;0,039307361963190186;2020
DISCOVERY.SERIES.C.DEAD;0,026204907975460111;2020
MARATHON.PETROLEUM;0,138174846625766845;2020
FORTUNE.BRANDS.INNOVATIONS;0,111699386503067488;2020
MOSAIC;-0,062748773006134975;2020
KINDER.MORGAN;-0,052950920245398762;2020
XYLEM;0,175375766871165656;2020
STANLEY.BLACK...DECKER;0,151393251533742335;2020
LYONDELLBASELL.INDS.CL.A;0,109361042944785269;2020
PVH;0,013063803680981608;2020
GARMIN;0,185695398773006143;2020
HNTGTN.INGALLS.INDS.;0,199261656441717810;2020
PROLOGIS.REIT;0,190294785276073630;2020
ACCENTURE.CLASS.A;0,201561349693251540;2020
HCA.HEALTHCARE;0,172998773006134976;2020
VERISK.ANALYTICS.CL.A;0,181984969325153373;2020
UNITED.AIRLINES.HOLDINGS;0,104085276073619629;2020
CORPAY;0,160321472392638026;2020
RALPH.LAUREN.CL.A;-0,011884969325153379;2020
FIRST.REPUBLIC.BANK;0,190391411042944769;2020
CBOE.GLOBAL.MARKETS.BTS.;0,154465950920245398;2020
SEAGATE.TECHNOLOGY.HOLDINGS;0,116047546012269909;2020
DOLLAR.GENERAL;0,193831288343558256;2020
FORTINET;0,295442944785276052;2020
MOTOROLA.SOLUTIONS;0,210276993865030681;2020
AON.CLASS.A;0,177076380368098141;2020
HF.SINCLAIR;0,158833435582822091;2020
TE.CONNECTIVITY;0,122038343558282192;2020
TRANE.TECHNOLOGIES;0,183801533742331297;2020
O.REILLY.AUTOMOTIVE;0,190777914110429436;2020
GENERAL.MOTORS;0,081300920245398783;2020
CBRE.GROUP.CLASS.A;0,145035276073619629;2020
EXPEDIA.GROUP;0,106307668711656436;2020
APTIV;0,139856134969325141;2020
PHILLIPS.66;0,141131595092024553;2020
AMERICAN.TOWER;0,200073312883435606;2020
META.PLATFORMS.A;0,225988343558282206;2020
DUKE.ENERGY;0,070788036809815949;2020
DIAMONDBACK.ENERGY;0,154755828220858926;2020
SERVICENOW;0,336122392638036838;2020
MONDELEZ.INTERNATIONAL.CL.A;0,118656441717791411;2020
EATON;0,121323312883435577;2020
ABBVIE;0,136841411042944783;2020
T.MOBILE.US;0,236385276073619616;2020
ZOETIS.A;0,248888650306748477;2020
NORWEGIAN.CRUISE.LINE.HDG.;0,088857055214723923;2020
BATH.AND.BODY.WORKS;-0,175259815950920245;2020
COTY.CL.A;-0,008696319018404888;2020
NEWS..A.;0,025470552147239266;2020
NEWS..B.;0,036176687116564410;2020
CDW;0,307946319018404857;2020
AMERICAN.AIRLINES.GROUP;-0,049375766871165627;2020
IHS.MARKIT.DEAD;0,220422699386503079;2020
HOWMET.AEROSPACE;0,053260122699386500;2020
WILLIS.TOWERS.WATSON;0,137053987730061361;2020
UNDER.ARMOUR..C.;-0,091836585365853679;2020
BAKER.HUGHES.A;-0,008367791411042951;2020
LAMB.WESTON.HOLDINGS;0,318833454545454531;2020
IQVIA.HOLDINGS;0,211475153374233116;2020
BOOKING.HOLDINGS;0,146523312883435591;2020
TECHNIPFMC;-0,096185454545454574;2020
LEIDOS.HOLDINGS;0,268638957055214733;2020
BROADCOM;0,293974233128834361;2020
TAPESTRY;0,024214417177914106;2020
TWITTER.DEAD;0,105012883435582849;2020
EVERGY;0,132164723926380373;2020
ALLEGION;0,184535889570552142;2020
INTERCONTINENTAL.EX.;0,174622085889570539;2020
STERIS;0,198585276073619643;2020
PERRIGO;-0,149653987730061361;2020
CIGNA;0,165017484662576680;2020
CAPRI.HOLDINGS;-0,056004294478527623;2020
HEALTHPEAK.PROPERTIES;0,049298466257668719;2020
XEROX.HOLDINGS;0,074865644171779142;2020
APARTMENT.INV...MAN..A.;0,118076687116564411;2020
GEN.DIGITAL;0,109515644171779142;2020
DUPONT.DE.NEMOURS;-0,103996705107084017;2020
GLOBE.LIFE;0,150137116564417167;2020
L3HARRIS.TECHNOLOGIES;0,239187423312883424;2020
TRUIST.FINANCIAL;0,121825766871165642;2020
PARAMOUNT.SKYDANCE.B;-0,010377607361963186;2020
PAYCOM.SOFTWARE;0,527364110429447863;2020
PENTAIR;0,054207055214723937;2020
ARISTA.NETWORKS;0,319328834355828206;2020
SYNCHRONY.FINANCIAL;0,087156441717791411;2020
CITIZENS.FINANCIAL.GROUP;0,151393251533742362;2020
KEYSIGHT.TECHNOLOGIES;0,253236809815950870;2020
QORVO;0,190314110429447847;2020
ELEVANCE.HEALTH;0,212673312883435578;2020
CROWN.CASTLE;0,167317177914110438;2020
MEDTRONIC;0,124627914110429450;2020
WALGREENS.BOOTS.ALLIANCE.DEAD;0,000946932515337419;2020
VIATRIS;-0,121767791411042950;2020
IRON.MOUNTAIN;0,050554601226993866;2020
EQUINIX.REIT;0,234568711656441720;2020
EVERSOURCE.ENERGY;0,132899079754601218;2020
NIELSEN.DEAD;-0,078730674846625770;2020
JOHNSON.CONTROLS.INTL.;0,046728220858895705;2020
ALLERGAN.DEAD;-0,004174233128834360;2020
DENTSPLY.SIRONA;0,044930981595092040;2020
WESTROCK.DEAD;0,018232061068702288;2020
KRAFT.HEINZ;-0,101746883005977798;2020
FORTIVE;0,182468682505399549;2020
S.P.GLOBAL;0,249893558282208605;2020
HILTON.WORLDWIDE.HDG.;0,169288343558282234;2020
ALPHABET..A.;0,206102760736196322;2020
WELLTOWER;0,084528220858895706;2020
HEWLETT.PACKARD.ENTER.;0,182378102189781011;2020
PAYPAL.HOLDINGS;0,271949103330486774;2020
HP;0,094422699386503078;2020
DXC.TECHNOLOGY;0,176342024539877323;2020
ALPHABET..C.;0,208363803680981619;2020
WEC.ENERGY.GROUP;0,153113190184049092;2020
MONSTER.BEVERAGE;0,146832515337423308;2020
LINDE..NYS.;0,135701226993865054;2020
SBA.COMMS.;0,175588343558282206;2020
CHARTER.COMMS.CL.A;0,222200613496932514;2020
AMAZON.COM;0,229522758620689687;2025
ABBOTT.LABORATORIES;0,100780689655172423;2025
AES;0,025412413793103446;2025
INTERNATIONAL.BUS.MCHS.;0,183873103448275843;2025
ADVANCED.MICRO.DEVICES;0,319586206896551706;2025
ADOBE..NAS.;0,131059310344827595;2025
ALEXANDRIA.REAL.ESTATE.EQUITIES.REIT;-0,016896551724137926;2025
AIR.PRDS...CHEMS.;0,106844137931034491;2025
BXP;0,003398620689655188;2025
ALLSTATE.ORD.SHS;0,169776551724137914;2025
HONEYWELL.INTL.;0,102383448275862071;2025
AMGEN;0,077318620689655185;2025
HESS.DEAD;0,262813793103448268;2025
AMERICAN.EXPRESS;0,251439999999999997;2025
AMER.ELEC.PWR.;0,059939310344827600;2025
AFLAC;0,202816551724137928;2025
AMERICAN.INTL.GP.;0,171591724137931056;2025
ANALOG.DEVICES;0,190457931034482747;2025
VALERO.ENERGY;0,205906206896551730;2025
COMCAST.A;0,028560000000000002;2025
ANSYS.DEAD;0,113853793103448286;2025
APPLE;0,291335172413793142;2025
APPLIED.MATS.;0,303655172413793140;2025
ALBEMARLE;0,182019310344827628;2025
ARCHER.DANIELS.MIDLAND;0,088209655172413790;2025
PINNACLE.WEST.CAP.;0,068474482758620669;2025
AMEREN;0,089522758620689660;2025
AUTODESK;0,166513103448275857;2025
AUTOMATIC.DATA.PROC.;0,162226206896551706;2025
AUTOZONE;0,229735172413793098;2025
AVERY.DENNISON;0,131291034482758640;2025
BALL;0,031668965517241382;2025
BERKSHIRE.HATHAWAY..B.;0,156993103448275828;2025
BAXTER.INTL.;-0,141448275862068984;2025
BECTON.DICKINSON;0,012879999999999996;2025
AMETEK;0,158692413793103476;2025
VERIZON.COMMUNICATIONS;-0,007183448275862082;2025
W.R.BERKLEY;0,186518620689655162;2025
BEST.BUY;0,104546206896551724;2025
YUM..BRANDS;0,105260689655172421;2025
FIRSTENERGY;0,044993103448275860;2025
BOEING;0,009423448275862058;2025
BORGWARNER;0,046982068965517237;2025
BOSTON.SCIENTIFIC;0,169873103448275858;2025
CH.ROBINSON.WWD.;0,119299310344827575;2025
TAKE.TWO.INTACT.SFTW.;0,136176551724137923;2025
METTLER.TOLEDO.INTL.;0,135423448275862029;2025
BRISTOL.MYERS.SQUIBB;0,036593103448275863;2025
ONEOK;0,243600000000000011;2025
AVALONBAY.COMMNS.;0,086317241379310364;2025
UNITED.RENTALS;0,382576551724137959;2025
SEMPRA;0,097806896551724115;2025
FEDEX;0,204708965517241381;2025
VERISIGN;0,051693793103448286;2025
AMPHENOL..A.;0,230758620689655164;2025
BROWN.FORMAN..B.;-0,058857931034482759;2025
QUANTA.SERVICES;0,463023448275862060;2025
CSX;0,110068965517241393;2025
COTERRA.ENERGY;0,196328275862068968;2025
THE.CAMPBELL.S.COMPANY;0,027633103448275863;2025
CAMDEN.PROPERTY.TST.;0,091144827586206900;2025
CONSTELLATION.BRANDS..A.;0,080929655172413781;2025
CARDINAL.HEALTH;0,234659310344827593;2025
CATERPILLAR;0,245820689655172397;2025
JP.MORGAN.CHASE...CO.;0,183274482758620683;2025
CHURCH...DWIGHT.CO.;0,113197241379310351;2025
CINCINNATI.FINL.;0,146913103448275850;2025
CINTAS;0,249277241379310371;2025
CISCO.SYSTEMS;0,106457931034482756;2025
CLOROX;0,073900689655172408;2025
COCA.COLA;0,073495172413793108;2025
COPART;0,224077241379310343;2025
COLGATE.PALM.;0,096667586206896541;2025
MARRIOTT.INTL..A.;0,199070344827586204;2025
MOLINA.HEALTHCARE;0,212993103448275850;2025
NRG.ENERGY;0,259531034482758660;2025
CONAGRA.BRANDS;0,023848275862068963;2025
CONSOLIDATED.EDISON;0,062604137931034490;2025
CMS.ENERGY;0,069633103448275849;2025
CORNING;0,176168275862068985;2025
CUMMINS;0,196212413793103446;2025
D.R.HORTON;0,279497931034482783;2025
DANAHER;0,142587586206896572;2025
MOODY.S;0,189820689655172403;2025
COGNIZANT.TECH.SLTN..A.;0,104256551724137933;2025
TARGET;0,096262068965517242;2025
DEERE;0,238617931034482755;2025
MORGAN.STANLEY;0,265903448275862042;2025
REPUBLIC.SVS..A.;0,194049655172413793;2025
COSTAR.GP.;0,095142068965517260;2025
DECKERS.OUTDOOR;0,474686896551724136;2025
WALT.DISNEY;0,007357241379310350;2025
DOLLAR.TREE;0,032962758620689661;2025
DOVER;0,150002758620689680;2025
OMNICOM.GROUP;0,096860689655172416;2025
DTE.ENERGY;0,085988965517241389;2025
DARDEN.RESTAURANTS;0,227340689655172429;2025
EBAY;0,172537931034482755;2025
BANK.OF.AMERICA;0,128104827586206893;2025
CITIGROUP;0,086394482758620689;2025
EASTMAN.CHEMICAL;0,117368275862068994;2025
CADENCE.DESIGN.SYS.;0,348841379310344812;2025
ECOLAB;0,093655172413793078;2025
REVVITY;0,082011034482758621;2025
ELECTRONIC.ARTS;0,096648275862068950;2025
SALESFORCE;0,217164137931034479;2025
ERIE.INDEMNITY..A.;0,246651034482758630;2025
EMERSON.ELECTRIC;0,168077241379310349;2025
ATMOS.ENERGY;0,098019310344827595;2025
ESSEX.PROPERTY.TST.;0,068667586206896558;2025
ENTERGY;0,122910344827586213;2025
EOG.RES.;0,227630344827586206;2025
EQUIFAX;0,178466206896551710;2025
EQUITY.RESD.TST.PROPS..SHBI;0,056347586206896554;2025
EQT;0,441994482758620688;2025
ESTEE.LAUDER.COS..A.;-0,108176551724137926;2025
EXPEDITORS.INTL.OF.WASH..A;0,111497931034482745;2025
EXXON.MOBIL;0,187155862068965506;2025
FMC;-0,043737931034482758;2025
NEXTERA.ENERGY;0,099988965517241374;2025
FACTSET.RESEARCH.SYS.;0,161782068965517278;2025
FAIR.ISAAC;0,404107586206896519;2025
ASSURANT;0,158325517241379304;2025
FASTENAL;0,189994482758620686;2025
FIFTH.THIRD.BANCORP;0,195787586206896513;2025
M.T.BANK;0,131889655172413828;2025
FISERV;0,155100689655172402;2025
FRANKLIN.RESOURCES;0,068532413793103458;2025
FREEPORT.MCMORAN;0,341966896551724131;2025
ARTHUR.J.GALLAGHER;0,255417931034482792;2025
GENERAL.DYNAMICS;0,131233103448275851;2025
GENERAL.MILLS;0,089233103448275855;2025
GENUINE.PARTS;0,097845517241379326;2025
GILEAD.SCIENCES;0,140405517241379313;2025
GARTNER..A.;0,277084137931034480;2025
MCKESSON;0,320764137931034476;2025
NVIDIA;0,743795862068965530;2025
WW.GRAINGER;0,272488275862068974;2025
HALLIBURTON;0,188642758620689660;2025
GOLDMAN.SACHS.GP.;0,252521379310344796;2025
HASBRO;-0,020295172413793108;2025
HENRY.SCHEIN;0,050187586206896569;2025
HERSHEY;0,077164137931034479;2025
F5;0,161028965517241385;2025
JUNIPER.NETWORKS.DEAD;0,147299310344827600;2025
HOLOGIC.DEAD;0,104797241379310332;2025
HOME.DEPOT;0,175434482758620697;2025
HORMEL.FOODS;-0,017398620689655173;2025
CENTERPOINT.EN.;0,107365517241379327;2025
LENNOX.INTL.;0,237111724137931024;2025
HUMANA;0,000405517241379321;2025
HUNT.JB.TRANSPORT.SVS.;0,129668965517241386;2025
HUNTINGTON.BCSH.;0,143475862068965510;2025
BIOGEN;-0,031726896551724115;2025
IDEX;0,082319999999999990;2025
ILLINOIS.TOOL.WORKS;0,121828965517241386;2025
INTUIT;0,243310344827586206;2025
IDEXX.LABORATORIES;0,146217931034482718;2025
INTEL;-0,094176551724137941;2025
INTL.FLAVORS...FRAG.;0,000888275862068973;2025
INTERNATIONAL.PAPER;0,140579310344827596;2025
INTERPUBLIC.GROUP.DEAD;0,139459310344827586;2025
JACK.HENRY.AND.ASSOCIATES;0,083536551724137945;2025
JABIL;0,326480000000000048;2025
INCYTE;0,002684137931034474;2025
JOHNSON...JOHNSON;0,043641379310344827;2025
HARTFORD.INSURANCE.GROUP;0,200615172413793091;2025
KLA;0,358902068965517240;2025
DEVON.ENERGY;0,267062068965517208;2025
KELLANOVA.DEAD;0,103445517241379306;2025
KEYCORP;0,135597241379310313;2025
KIMCO.REALTY;0,150137931034482752;2025
KIMBERLY.CLARK;0,046016551724137933;2025
KROGER;0,203453793103448272;2025
TELEDYNE.TECHS.;0,105588965517241382;2025
PACKAGING.CORP.OF.AM.;0,206331034482758635;2025
AKAMAI.TECHS.;0,062797241379310337;2025
LENNAR.A.A;0,277064827586206874;2025
ELI.LILLY;0,404725517241379340;2025
UNITED.PARCEL.SER..B.;0,091318620689655169;2025
AGILENT.TECHS.;0,136891034482758633;2025
LOCKHEED.MARTIN;0,101514482758620697;2025
LOEWS;0,145889655172413812;2025
CARNIVAL;0,133453793103448237;2025
LOWE.S.COMPANIES;0,209111724137931027;2025
DOMINION.ENERGY;-0,003128275862068959;2025
MGM.RESORTS.INTL.;0,157977931034482738;2025
MCCORMICK...COMPANY.NV.;0,030838620689655184;2025
MCDONALDS;0,122910344827586199;2025
EVEREST.GROUP;0,123895172413793109;2025
EDWARDS.LIFESCIENCES;0,057177931034482758;2025
HOST.HOTELS...RESORTS.REIT;0,100606896551724140;2025
MARSH;0,165508965517241369;2025
MASCO;0,142471724137931050;2025
MARTIN.MRTA.MATS.;0,184027586206896548;2025
METLIFE;0,184433103448275848;2025
CVS.HEALTH;-0,023288275862068965;2025
ON.SEMICONDUCTOR;0,340209655172413861;2025
MICROSOFT;0,242943448275862062;2025
MICRON.TECHNOLOGY;0,197467586206896528;2025
MID.AMER.APT.COMMUNITIES;0,102904827586206907;2025
MICROCHIP.TECH.;0,128799999999999998;2025
X3M;0,054879999999999991;2025
MOHAWK.INDUSTRIES;0,087205517241379302;2025
CHAS.RVR.LABS.INTL.;0,113718620689655173;2025
XCEL.ENERGY;0,071506206896551738;2025
FORD.MOTOR;0,150041379310344836;2025
NETAPP;0,210251034482758586;2025
NEWMONT;0,065693793103448278;2025
NVR;0,212375172413793112;2025
NIKE..B.;0,013710344827586207;2025
NORDSON;0,105086896551724138;2025
NORFOLK.SOUTHERN;0,102962758620689640;2025
NISOURCE;0,122601379310344830;2025
NORTHERN.TRUST;0,084038620689655189;2025
NORTHROP.GRUMMAN;0,112173793103448272;2025
WELLS.FARGO...CO;0,150910344827586224;2025
NUCOR;0,242499310344827579;2025
CAPITAL.ONE.FINL.;0,219790344827586220;2025
OCCIDENTAL.PTL.;0,251710344827586197;2025
OLD.DOMINION.FGT.LINES;0,262794482758620718;2025
ORACLE;0,287627586206896546;2025
PACCAR;0,203318620689655144;2025
EXELON;0,103233103448275854;2025
PARKER.HANNIFIN;0,296645517241379275;2025
PAYCHEX;0,166223448275862079;2025
ALIGN.TECHNOLOGY;0,083671724137931017;2025
PPL;0,057795862068965510;2025
PEPSICO;0,072066206896551729;2025
PFIZER;0,012609655172413792;2025
CONOCOPHILLIPS;0,211332413793103441;2025
PG.E;0,203743448275862077;2025
ALTRIA.GROUP;0,116924137931034483;2025
PNC.FINL.SVS.GP.;0,134651034482758614;2025
BROWN...BROWN;0,225255172413793114;2025
PPG.INDUSTRIES;0,040706206896551730;2025
COSTCO.WHOLESALE;0,263508965517241345;2025
T.ROWE.PRICE.GROUP;0,082107586206896552;2025
QUEST.DIAGNOSTICS;0,119878620689655171;2025
PROCTER...GAMBLE;0,102016551724137941;2025
PROGRESSIVE.OHIO;0,289616551724137972;2025
PUB.SER.ENTER.GP.;0,134380689655172442;2025
PULTEGROUP;0,299464827586206905;2025
GLOBAL.PAYMENTS;-0,015544827586206898;2025
QUALCOMM;0,211216551724137919;2025
RAYMOND.JAMES.FINL.;0,261017931034482731;2025
REALTY.INCOME;0,038929655172413799;2025
REGENCY.CENTERS;0,139787586206896575;2025
UDR;0,066891034482758613;2025
REGENERON.PHARMS.;0,169177931034482726;2025
RESMED;0,146642758620689651;2025
US.BANCORP;0,069517241379310368;2025
ARCH.CAP.GP.;0,213784827586206899;2025
ROSS.STORES;0,129321379310344847;2025
ROLLINS;0,193257931034482772;2025
ROPER.TECHNOLOGIES;0,111845517241379325;2025
ROCKWELL.AUTOMATION;0,143012413793103477;2025
ROYAL.CARIBBEAN.GROUP;0,326383448275862076;2025
TRAVELERS.COS.;0,172962758620689661;2025
FIDELITY.NAT.INFO.SVS.;-0,022013793103448271;2025
MERCK...COMPANY;0,082628965517241387;2025
SLB;0,129765517241379302;2025
CHARLES.SCHWAB;0,171340689655172435;2025
POOL;0,166648275862068956;2025
ZIMMER.BIOMET.HDG.;-0,007048275862068965;2025
CENCORA;0,233674482758620683;2025
PRINCIPAL.FINL.GP.;0,173194482758620705;2025
SHERWIN.WILLIAMS;0,160353103448275858;2025
CENTENE;0,055092413793103458;2025
SIMON.PROPERTY.GROUP;0,196038620689655191;2025
SMITH..AO.;0,129939310344827585;2025
SNAP.ON;0,205056551724137920;2025
PRUDENTIAL.FINL.;0,163867586206896565;2025
EDISON.INTL.;0,089793103448275860;2025
SOUTHERN;0,121365517241379312;2025
SOUTHWEST.AIRLINES;0,003533793103448274;2025
AT.T;0,047310344827586198;2025
CHEVRON;0,140019310344827563;2025
STATE.STREET;0,143051034482758632;2025
STARBUCKS;0,082725517241379304;2025
STEEL.DYNAMICS;0,347451034482758603;2025
PUBLIC.STORAGE;0,140946206896551740;2025
STRYKER;0,160140689655172419;2025
NETFLIX;0,299213793103448256;2025
SYNOPSYS;0,305624827586206904;2025
SYSCO;0,072046896551724110;2025
INTUITIVE.SURGICAL;0,248948965517241383;2025
TELEFLEX;-0,084675862068965504;2025
TERADYNE..XSC.;0,223710344827586199;2025
TEXAS.INSTRUMENTS;0,147183448275862050;2025
TEXTRON;0,179006896551724110;2025
THERMO.FISHER.SCIENTIFIC;0,130615172413793112;2025
DAVITA;0,198857931034482793;2025
TRACTOR.SUPPLY;0,261288275862068931;2025
TRIMBLE;0,173059310344827577;2025
TYLER.TECHNOLOGIES;0,174951724137931031;2025
TYSON.FOODS..A.;-0,014868965517241373;2025
UNION.PACIFIC;0,102441379310344832;2025
UNITEDHEALTH.GROUP;0,161994482758620717;2025
UNIVERSAL.HEALTH.SVS..B.;0,125613793103448279;2025
VENTAS;0,140772413793103457;2025
VERTEX.PHARMS.;0,166725517241379295;2025
VULCAN.MATERIALS;0,174584827586206887;2025
WALMART;0,198394482758620705;2025
WASTE.MANAGEMENT;0,150659310344827574;2025
WATERS;0,140540689655172413;2025
WEST.PHARM.SVS.;0,213359999999999994;2025
J.M.SMUCKER;0,069980689655172429;2025
WESTERN.DIGITAL;0,106129655172413781;2025
WABTEC;0,232882758620689662;2025
WEYERHAEUSER;0,096358620689655144;2025
SKYWORKS.SOLUTIONS;0,042965517241379321;2025
WYNN.RESORTS;0,052891034482758621;2025
NASDAQ;0,200306206896551736;2025
CME.GROUP;0,105588965517241382;2025
WILLIAMS;0,278319999999999956;2025
LKQ;0,092091034482758641;2025
ALLIANT.ENERGY..XSC.;0,075657931034482762;2025
CARMAX;0,085216551724137918;2025
TJX;0,192485517241379328;2025
ZEBRA.TECHNOLOGIES..A.;0,158228965517241416;2025
REGIONS.FINL.NEW;0,190052413793103447;2025
DOMINO.S.PIZZA;0,130634482758620690;2025
MONOLITHIC.PWR.SYS.;0,377652413793103436;2025
EXTRA.SPACE.STRG.;0,150350344827586191;2025
LAS.VEGAS.SANDS;0,048835862068965528;2025
DIGITAL.REALTY.TST.;0,160333793103448280;2025
MARKETAXESS.HOLDINGS;-0,022110344827586205;2025
CELANESE;-0,013304827586206897;2025
MOLSON.COORS.BEVERAGE.COMPANY.B;0,081257931034482755;2025
DEXCOM;0,190245517241379308;2025
BUILDERS.FIRSTSOURCE;0,473064827586206882;2025
CF.INDUSTRIES.HDG.;0,222049655172413762;2025
AMERIPRISE.FINL.;0,317037241379310386;2025
LIVE.NATION.ENTM.;0,217144827586206901;2025
CHIPOTLE.MEXN.GRILL;0,309409655172413811;2025
TRANSDIGM.GROUP;0,258739310344827556;2025
MASTERCARD;0,161222068965517246;2025
FIRST.SOLAR;0,356700689655172432;2025
BROADRIDGE.FINL.SLTN.;0,165566896551724130;2025
DELTA.AIR.LINES;0,127351724137931055;2025
INSULET;0,176766896551724118;2025
DISCOVER.FINANCIAL.SVS..DEAD;0,282066206896551763;2025
BANK.OF.NEW.YORK.MELLON;0,158769655172413787;2025
LULULEMON.ATHLETICA;0,180262068965517247;2025
ULTA.BEAUTY;0,187271724137931056;2025
INVESCO;0,142336551724137950;2025
MSCI;0,235528275862068953;2025
PHILIP.MORRIS.INTL.;0,150466206896551713;2025
VISA..A.;0,144634482758620675;2025
AMERICAN.WATER.WORKS;0,056926896551724129;2025
CHUBB;0,168386206896551704;2025
MARATHON.PETROLEUM;0,302361379310344847;2025
MOSAIC;0,171108965517241363;2025
KINDER.MORGAN;0,162013793103448239;2025
XYLEM;0,132719999999999977;2025
STANLEY.BLACK...DECKER;-0,031475862068965521;2025
LYONDELLBASELL.INDS.CL.A;0,089426206896551716;2025
GARMIN;0,209652413793103454;2025
HNTGTN.INGALLS.INDS.;0,017108965517241385;2025
PROLOGIS.REIT;0,105917241379310356;2025
EPAM.SYSTEMS;0,174951724137931058;2025
ACCENTURE.CLASS.A;0,154444137931034481;2025
HCA.HEALTHCARE;0,214171034482758621;2025
VERISK.ANALYTICS.CL.A;0,157862068965517244;2025
UNITED.AIRLINES.HOLDINGS;0,203009655172413761;2025
RALPH.LAUREN.CL.A;0,236435862068965524;2025
NXP.SEMICONDUCTORS;0,202217931034482767;2025
TARGA.RESOURCES;0,494344827586206959;2025
CBOE.GLOBAL.MARKETS.BTS.;0,147241379310344839;2025
DOLLAR.GENERAL;-0,069710344827586215;2025
FORTINET;0,387848275862068992;2025
MOTOROLA.SOLUTIONS;0,253853793103448244;2025
TESLA;0,732943448275861997;2025
GENERAC.HOLDINGS;0,219423448275862049;2025
O.REILLY.AUTOMOTIVE;0,229387586206896532;2025
ENPHASE.ENERGY;0,456882758620689666;2025
GENERAL.MOTORS;0,169467586206896559;2025
CBRE.GROUP.CLASS.A;0,218206896551724122;2025
EXPEDIA.GROUP;0,227360000000000034;2025
PHILLIPS.66;0,132816551724137949;2025
AMERICAN.TOWER;0,027092413793103450;2025
META.PLATFORMS.A;0,301724137931034531;2025
DUKE.ENERGY;0,100375172413793110;2025
DIAMONDBACK.ENERGY;0,325958620689655199;2025
SERVICENOW;0,342430344827586219;2025
PALO.ALTO.NETWORKS;0,386380689655172416;2025
MONDELEZ.INTERNATIONAL.CL.A;0,061715862068965517;2025
WORKDAY.CLASS.A;0,166744827586206901;2025
EATON;0,314565517241379322;2025
ABBVIE;0,205404137931034514;2025
T.MOBILE.US;0,239795862068965498;2025
PTC;0,230237241379310370;2025
ZOETIS.A;0,087649655172413798;2025
NORWEGIAN.CRUISE.LINE.HDG.;0,142935172413793138;2025
NEWS..A.;0,193837241379310354;2025
NEWS..B.;0,209652413793103454;2025
CDW;0,101649655172413783;2025
KEURIG.DR.PEPPER;0,069092413793103435;2025
INVITATION.HOMES;0,084308965517241360;2025
WILLIS.TOWERS.WATSON;0,134651034482758641;2025
HUBBELL;0,269746206896551766;2025
BAKER.HUGHES.A;0,214692413793103415;2025
LAMB.WESTON.HOLDINGS;0,048430344827586180;2025
IQVIA.HOLDINGS;0,102518620689655185;2025
BOOKING.HOLDINGS;0,238984827586206899;2025
AXON.ENTERPRISE;0,522074482758620784;2025
LEIDOS.HOLDINGS;0,131831724137931039;2025
BROADCOM;0,496411034482758640;2025
TAPESTRY;0,319933793103448272;2025
EVERGY;0,065365517241379317;2025
ALLEGION;0,068493793103448261;2025
INTERCONTINENTAL.EX.;0,135211034482758619;2025
DAYFORCE.DEAD;0,117117241379310358;2025
STERIS;0,106998620689655183;2025
KKR.AND.CO..ORD..SHS.;0,401095172413793111;2025
MODERNA;0,410750344827586211;2025
CIGNA;0,126424827586206906;2025
DELL.TECHNOLOGIES.C;0,393757241379310341;2025
DOW.ORD.SHS;0,054146206896551738;2025
AMCOR;0,057834482758620694;2025
HEALTHPEAK.PROPERTIES;0,003707586206896559;2025
FOX.A;0,120380689655172429;2025
FOX.B;0,110165517241379324;2025
CROWDSTRIKE.HOLDINGS.A;0,516899310344827501;2025
GEN.DIGITAL;0,191114482758620696;2025
DUPONT.DE.NEMOURS;0,107983448275862079;2025
CARRIER.GLOBAL;0,432438461538461549;2025
OTIS.WORLDWIDE;0,190110576923076924;2025
UBER.TECHNOLOGIES;0,276717241379310308;2025
GLOBE.LIFE;0,118295172413793115;2025
CORTEVA;0,193779310344827593;2025
MATCH.GROUP;-0,060151724137931038;2025
L3HARRIS.TECHNOLOGIES;0,069188965517241366;2025
TRANE.TECHNOLOGIES;0,306957241379310353;2025
BLACKSTONE;0,334242758620689584;2025
HOWMET.AEROSPACE;0,390165517241379323;2025
TRUIST.FINANCIAL;0,079307586206896555;2025
PARAMOUNT.SKYDANCE.B;-0,065211034482758626;2025
SEAGATE.TECHNOLOGY.HOLDINGS;0,181227586206896552;2025
GE.AEROSPACE;0,292204137931034502;2025
INGERSOLL.RAND;0,231820689655172441;2025
GE.HEALTHCARE.TECHNOLOGIES;0,168504315196998128;2025
PAYCOM.SOFTWARE;0,081238620689655164;2025
ARISTA.NETWORKS;0,504675862068965531;2025
AON.CLASS.A;0,148612413793103471;2025
PENTAIR;0,218959999999999988;2025
RTX;0,127795862068965510;2025
WARNER.BROS.DISCOVERY.SERIES.A;-0,073919999999999986;2025
TEXAS.PACIFIC.LAND.TRUST;0,429017931034482769;2025
AIRBNB.A;0,092463516068052920;2025
CONSTELLATION.ENERGY;0,647794018205461675;2025
VIATRIS;0,000366896551724108;2025
CAESARS.ENTERTAINMENT;0,157456551724137916;2025
CORPAY;0,091415172413793128;2025
BLACKROCK;0,209343448275862071;2025
APOLLO.GLOBAL.MANAGEMENT;0,356604137931034515;2025
PALANTIR.TECHNOLOGIES.A;0,712098827772768228;2025
FEDERAL.REALTY.INV.TST.;0,078226206896551700;2025
JACOBS.SOLUTIONS;0,160411034482758647;2025
APA;0,251208275862069008;2025
LINDE..NYS.;0,177037241379310345;2025
SYNCHRONY.FINANCIAL;0,246902068965517224;2025
BUNGE.GLOBAL;0,140598620689655146;2025
COOPER.COS.;0,068068965517241384;2025
CITIZENS.FINANCIAL.GROUP;0,164099310344827609;2025
KEYSIGHT.TECHNOLOGIES;0,138899310344827553;2025
SUPER.MICRO.COMPUTER;0,769633103448275846;2025
TE.CONNECTIVITY;0,141506206896551717;2025
SMURFIT.WESTROCK;0,216758620689655179;2025
LABCORP.HOLDINGS;0,142085517241379328;2025
BIO.TECHNE;0,119859310344827594;2025
LAM.RESEARCH;0,301086896551724159;2025
ELEVANCE.HEALTH;0,103754482758620703;2025
APTIV;0,027266206896551716;2025
CROWN.CASTLE;-0,003379310344827574;2025
MEDTRONIC;-0,005947586206896553;2025
WALGREENS.BOOTS.ALLIANCE.DEAD;-0,225390344827586214;2025
IRON.MOUNTAIN;0,332871724137931035;2025
EQUINIX.REIT;0,155216551724137924;2025
EVERSOURCE.ENERGY;-0,002993103448275856;2025
GODADDY.CL.A;0,268915862068965505;2025
JOHNSON.CONTROLS.INTL.;0,195517241379310341;2025
KRAFT.HEINZ;0,071216551724137933;2025
FORTIVE;0,077840000000000006;2025
S.P.GLOBAL;0,166068965517241374;2025
HILTON.WORLDWIDE.HDG.;0,212278620689655168;2025
ALPHABET..A.;0,252251034482758651;2025
WELLTOWER;0,192215172413793128;2025
HEWLETT.PACKARD.ENTER.;0,159831724137931036;2025
PAYPAL.HOLDINGS;0,051635862068965532;2025
VICI.PPTYS;0,136775172413793111;2025
HP;0,192060689655172395;2025
ALPHABET..C.;0,253564137931034494;2025
WEC.ENERGY.GROUP;0,067895172413793101;2025
MONSTER.BEVERAGE;0,131657931034482756;2025
SBA.COMMS.;0,025895172413793098;2025
CHARTER.COMMS.CL.A;-0,007415172413793113;2025
VISTRA;0,465244137931034474;2025
